EVENT_TYPE,TIMESTAMP,REQUEST_ID,ORGANIZATION_ID,USER_ID,RUN_TIME,CPU_TIME,URI,SESSION_KEY,LOGIN_KEY,REQUEST_STATUS,DB_TOTAL_TIME,API_TYPE,API_VERSION,CLIENT_NAME,METHOD_NAME,ENTITY_NAME,ROWS_PROCESSED,REQUEST_SIZE,RESPONSE_SIZE,DB_BLOCKS,DB_CPU_TIME,TIMESTAMP_DERIVED,USER_ID_DERIVED,CLIENT_IP,URI_ID_DERIVED
RestApi,20210518093809.924,SLB:e57ceca9e9f05d592690e5633c1b583b,00D300000000FHi,0053400000ABl1I,39,16,/services/data/v20.0/query/,KslinLufzL3c7sYt,/AQo/2IhIqYQ3xyM,S,26613023,GET,application/json;charset=UTF-8,200,9999,1,2,719,10,0,228,StaticResource,2021-05-18T09:38:09.924Z,0053400000ABl1IAAT,52.8.134.43,""
RestApi,20210518093857.641,SLB:a414bbff765582253f1c5cb20d8d9a10,00D300000000FHi,0053400000ABl1I,33,15,/services/data/v20.0/query/,KslinLufzL3c7sYt,GxjrK5U3YlDfdvlW,S,18637922,GET,application/json;charset=UTF-8,200,9999,1,2,733,0,0,234,StaticResource,2021-05-18T09:38:57.641Z,0053400000ABl1IAAT,52.8.134.43,""
RestApi,20210518094926.400,SLB:3381556dac272ba6e7f8ec4638822254,00D300000000FHi,0053400000ABl1I,29,16,/services/data/v20.0/query/,KslinLufzL3c7sYt,MZocX8jKzDMm8+IY,S,14849185,GET,application/json;charset=UTF-8,200,9999,1,2,717,0,0,228,StaticResource,2021-05-18T09:49:26.400Z,0053400000ABl1IAAT,52.8.134.43,""
RestApi,20210518144437.473,SLB:886d861197622390c02f2c0f76772170,00D300000000FHi,0053400000ABl1I,34,19,/services/data/v20.0/query/,eFuTKCYiRZ7fVNYg,cK4RDZ/PxM0POKTG,S,19435058,GET,application/json;charset=UTF-8,200,9999,1,2,731,0,0,234,StaticResource,2021-05-18T14:44:37.473Z,0053400000ABl1IAAT,52.8.244.154,""
RestApi,20210518225001.910,SLB:befabcb0d851c707ad7b0fcce0b8af04,00D300000000FHi,00530000000h4Rg,473,219,/services/data/v20.0/sobjects/task/00T3n00006yBg58EAC,Tw7+Y+3csxIS6SJF,PwL6bi7fYYPsp7Yk,S,170036002,DELETE,"",204,9999,0,"",3829,120,0,0,Task,2021-05-18T22:50:01.910Z,00530000000h4RgAAI,3.217.13.88,00T3n00006yBg58EAC
RestApi,20210518225002.819,SLB:228c6297a0562ac4f5cdf46217acc072,00D300000000FHi,00530000000h4Rg,376,201,/services/data/v20.0/sobjects/task/00T3n00006yBg5DEAS,Tw7+Y+3csxIS6SJF,PwL6bi7fYYPsp7Yk,S,111545724,DELETE,"",204,9999,0,"",3851,80,0,0,Task,2021-05-18T22:50:02.819Z,00530000000h4RgAAI,3.217.13.88,00T3n00006yBg5DEAS
RestApi,20210518225004.055,SLB:745001c2bdaa7636e4a0b2e39a15dcfa,00D300000000FHi,00530000000h4Rg,497,252,/services/data/v20.0/sobjects/task/00T3n00006yBg5IEAS,Tw7+Y+3csxIS6SJF,PwL6bi7fYYPsp7Yk,S,135382131,DELETE,"",204,9999,0,"",3867,110,0,0,Task,2021-05-18T22:50:04.055Z,00530000000h4RgAAI,3.217.13.88,00T3n00006yBg5IEAS
RestApi,20210518225004.865,SLB:295763fc3913372258634c550cf2097d,00D300000000FHi,00530000000h4Rg,220,98,/services/data/v20.0/sobjects/task/00T3n00006yBg5NEAS,Tw7+Y+3csxIS6SJF,PwL6bi7fYYPsp7Yk,S,119530081,DELETE,"",204,9999,0,"",3911,80,0,0,Task,2021-05-18T22:50:04.865Z,00530000000h4RgAAI,3.217.13.88,00T3n00006yBg5NEAS
RestApi,20210518225011.501,SLB:abb9b5963dd9ee462a1bcdc70a46b5c8,00D300000000FHi,00530000000h4Rg,345,173,/services/data/v20.0/sobjects/task/00T3n00006yBg5SEAS,Tw7+Y+3csxIS6SJF,PwL6bi7fYYPsp7Yk,S,110082465,DELETE,"",204,9999,0,"",3831,60,0,0,Task,2021-05-18T22:50:11.501Z,00530000000h4RgAAI,3.217.13.88,00T3n00006yBg5SEAS
RestApi,20210518225012.071,SLB:7f07afe5016b9a19008562a2a7c5a840,00D300000000FHi,00530000000h4Rg,218,109,/services/data/v20.0/sobjects/task/00T3n00006yBg5XEAS,Tw7+Y+3csxIS6SJF,PwL6bi7fYYPsp7Yk,S,108182930,DELETE,"",204,9999,0,"",3811,100,0,0,Task,2021-05-18T22:50:12.071Z,00530000000h4RgAAI,3.217.13.88,00T3n00006yBg5XEAS
RestApi,20210518225013.465,SLB:52aa675a241e55380e51400e25bd2c86,00D300000000FHi,00530000000h4Rg,314,154,/services/data/v20.0/sobjects/task/00T3n00006yBg5cEAC,Tw7+Y+3csxIS6SJF,PwL6bi7fYYPsp7Yk,S,115193593,DELETE,"",204,9999,0,"",3803,100,0,0,Task,2021-05-18T22:50:13.465Z,00530000000h4RgAAI,3.217.13.88,00T3n00006yBg5cEAC
RestApi,20210518225014.061,SLB:64ce479b7466222f9372436a83b22284,00D300000000FHi,00530000000h4Rg,199,94,/services/data/v20.0/sobjects/task/00T3n00006yBg5hEAC,Tw7+Y+3csxIS6SJF,PwL6bi7fYYPsp7Yk,S,100247131,DELETE,"",204,9999,0,"",4004,80,0,0,Task,2021-05-18T22:50:14.061Z,00530000000h4RgAAI,3.217.13.88,00T3n00006yBg5hEAC
RestApi,20210518225016.667,SLB:92ad47f963428aa9f311913d34aa182c,00D300000000FHi,00530000000h4Rg,417,208,/services/data/v20.0/sobjects/task/00T3n00006yBkBiEAK,Tw7+Y+3csxIS6SJF,PwL6bi7fYYPsp7Yk,S,118895469,DELETE,"",204,9999,0,"",3913,90,0,0,Task,2021-05-18T22:50:16.667Z,00530000000h4RgAAI,3.217.13.88,00T3n00006yBkBiEAK
RestApi,20210518225017.908,SLB:d620b9496f50290fe11e77f62d5da6a9,00D300000000FHi,00530000000h4Rg,449,235,/services/data/v20.0/sobjects/task/00T3n00006yBkBnEAK,Tw7+Y+3csxIS6SJF,PwL6bi7fYYPsp7Yk,S,133296779,DELETE,"",204,9999,0,"",3845,90,0,0,Task,2021-05-18T22:50:17.908Z,00530000000h4RgAAI,3.217.13.88,00T3n00006yBkBnEAK
RestApi,20210518225019.377,SLB:d088ed59c73f16435afb89e0deda4676,00D300000000FHi,00530000000h4Rg,194,94,/services/data/v20.0/sobjects/task/00T3n00006yBkBsEAK,Tw7+Y+3csxIS6SJF,PwL6bi7fYYPsp7Yk,S,98310202,DELETE,"",204,9999,0,"",3738,80,0,0,Task,2021-05-18T22:50:19.377Z,00530000000h4RgAAI,3.217.13.88,00T3n00006yBkBsEAK
RestApi,20210518225022.928,SLB:20ffb436f13a2f9aaf6dd7a506001404,00D300000000FHi,00530000000h4Rg,196,76,/services/data/v20.0/sobjects/task/00T3n00006yBkC2EAK,Tw7+Y+3csxIS6SJF,PwL6bi7fYYPsp7Yk,S,122566078,DELETE,"",204,9999,0,"",3804,90,0,0,Task,2021-05-18T22:50:22.928Z,00530000000h4RgAAI,3.217.13.88,00T3n00006yBkC2EAK
RestApi,20210518225024.570,SLB:20ddbd90a638704842f57c33e203311e,00D300000000FHi,00530000000h4Rg,205,89,/services/data/v20.0/sobjects/task/00T3n00006yBkzbEAC,Tw7+Y+3csxIS6SJF,PwL6bi7fYYPsp7Yk,S,115006835,DELETE,"",204,9999,0,"",3811,100,0,0,Task,2021-05-18T22:50:24.570Z,00530000000h4RgAAI,3.217.13.88,00T3n00006yBkzbEAC
RestApi,20210518225025.972,SLB:84bc7bcc7cf2dd102541bdbc2ebb9344,00D300000000FHi,00530000000h4Rg,195,95,/services/data/v20.0/sobjects/task/00T3n00006yBkzgEAC,Tw7+Y+3csxIS6SJF,PwL6bi7fYYPsp7Yk,S,102069314,DELETE,"",204,9999,0,"",3825,70,0,0,Task,2021-05-18T22:50:25.972Z,00530000000h4RgAAI,3.217.13.88,00T3n00006yBkzgEAC
RestApi,20210518225026.980,SLB:cabebe5a1621cb9caeab622932d5ef86,00D300000000FHi,00530000000h4Rg,227,93,/services/data/v20.0/sobjects/task/00T3n00006yBkzhEAC,Tw7+Y+3csxIS6SJF,PwL6bi7fYYPsp7Yk,S,135885488,DELETE,"",204,9999,0,"",3858,100,0,0,Task,2021-05-18T22:50:26.980Z,00530000000h4RgAAI,3.217.13.88,00T3n00006yBkzhEAC
RestApi,20210518225028.370,SLB:9a81d716df7a4f89510073af137b3eca,00D300000000FHi,00530000000h4Rg,303,156,/services/data/v20.0/sobjects/task/00T3n00006yBkzlEAC,Tw7+Y+3csxIS6SJF,PwL6bi7fYYPsp7Yk,S,100333821,DELETE,"",204,9999,0,"",3836,70,0,0,Task,2021-05-18T22:50:28.370Z,00530000000h4RgAAI,3.217.13.88,00T3n00006yBkzlEAC
RestApi,20210518225032.611,SLB:c14650cd72d6b4005c77da4b5b7e7103,00D300000000FHi,00530000000h4Rg,342,173,/services/data/v20.0/sobjects/task/00T3n00006yBkzqEAC,Tw7+Y+3csxIS6SJF,PwL6bi7fYYPsp7Yk,S,113810271,DELETE,"",204,9999,0,"",3893,100,0,0,Task,2021-05-18T22:50:32.611Z,00530000000h4RgAAI,3.217.13.88,00T3n00006yBkzqEAC
RestApi,20210518225034.233,SLB:de63726b7eb8d41a810df2fb602e509c,00D300000000FHi,00530000000h4Rg,392,192,/services/data/v20.0/sobjects/task/00T3n00006yBkwGEAS,Tw7+Y+3csxIS6SJF,PwL6bi7fYYPsp7Yk,S,107269323,DELETE,"",204,9999,0,"",3879,90,0,0,Task,2021-05-18T22:50:34.233Z,00530000000h4RgAAI,3.217.13.88,00T3n00006yBkwGEAS
RestApi,20210518225035.234,SLB:c4ff26504b25877413ef5f1b2d8606c0,00D300000000FHi,00530000000h4Rg,178,92,/services/data/v20.0/sobjects/task/00T3n00006yBkzvEAC,Tw7+Y+3csxIS6SJF,PwL6bi7fYYPsp7Yk,S,86841368,DELETE,"",204,9999,0,"",3810,80,0,0,Task,2021-05-18T22:50:35.234Z,00530000000h4RgAAI,3.217.13.88,00T3n00006yBkzvEAC
RestApi,20210518225036.844,SLB:92a776ada78bdb9cbc67459bb68cf0d3,00D300000000FHi,00530000000h4Rg,575,245,/services/data/v20.0/sobjects/task/00T3n00006yBkzmEAC,Tw7+Y+3csxIS6SJF,PwL6bi7fYYPsp7Yk,S,120741725,DELETE,"",204,9999,0,"",3839,100,0,0,Task,2021-05-18T22:50:36.844Z,00530000000h4RgAAI,3.217.13.88,00T3n00006yBkzmEAC
RestApi,20210518225044.525,SLB:8e65ced1d7820a1228d9a574f26b23cb,00D300000000FHi,00530000000h4Rg,266,90,/services/data/v20.0/sobjects/task/00T3n00006yBl00EAC,Tw7+Y+3csxIS6SJF,PwL6bi7fYYPsp7Yk,S,101639823,DELETE,"",204,9999,0,"",3792,80,0,0,Task,2021-05-18T22:50:44.525Z,00530000000h4RgAAI,3.217.13.88,00T3n00006yBl00EAC
RestApi,20210518225045.448,SLB:4394fb388bcfadac63816e4fb655cf6c,00D300000000FHi,00530000000h4Rg,407,192,/services/data/v20.0/sobjects/task/00T3n00006yBl05EAC,Tw7+Y+3csxIS6SJF,PwL6bi7fYYPsp7Yk,S,133036308,DELETE,"",204,9999,0,"",3935,110,0,0,Task,2021-05-18T22:50:45.448Z,00530000000h4RgAAI,3.217.13.88,00T3n00006yBl05EAC
RestApi,20210518225047.441,SLB:550990d04686c50af8fab8a2576f94d8,00D300000000FHi,00530000000h4Rg,539,229,/services/data/v20.0/sobjects/task/00T3n00006yBl0AEAS,Tw7+Y+3csxIS6SJF,PwL6bi7fYYPsp7Yk,S,187115055,DELETE,"",204,9999,0,"",3851,80,0,0,Task,2021-05-18T22:50:47.441Z,00530000000h4RgAAI,3.217.13.88,00T3n00006yBl0AEAS
RestApi,20210518225051.651,SLB:1035f8782a1c56421d908241caa1b97b,00D300000000FHi,00530000000h4Rg,205,89,/services/data/v20.0/sobjects/task/00T3n00006yBl0FEAS,Tw7+Y+3csxIS6SJF,PwL6bi7fYYPsp7Yk,S,117082527,DELETE,"",204,9999,0,"",3821,100,0,0,Task,2021-05-18T22:50:51.651Z,00530000000h4RgAAI,3.217.13.88,00T3n00006yBl0FEAS
RestApi,20210518225053.464,SLB:6b15f90311e2bbb6f7dfae0ad1978fa9,00D300000000FHi,00530000000h4Rg,201,91,/services/data/v20.0/sobjects/task/00T3n00006yBl0UEAS,Tw7+Y+3csxIS6SJF,PwL6bi7fYYPsp7Yk,S,108388612,DELETE,"",204,9999,0,"",3838,70,0,0,Task,2021-05-18T22:50:53.464Z,00530000000h4RgAAI,3.217.13.88,00T3n00006yBl0UEAS
RestApi,20210518225054.340,SLB:47f77adef3bf16822a6e4a60aeca751e,00D300000000FHi,00530000000h4Rg,293,129,/services/data/v20.0/sobjects/task/00T3n00006yBl0ZEAS,Tw7+Y+3csxIS6SJF,PwL6bi7fYYPsp7Yk,S,128138874,DELETE,"",204,9999,0,"",3868,90,0,0,Task,2021-05-18T22:50:54.340Z,00530000000h4RgAAI,3.217.13.88,00T3n00006yBl0ZEAS
RestApi,20210518225055.791,SLB:fdedaca55b10d1308a6e0ed56cf945cb,00D300000000FHi,00530000000h4Rg,345,163,/services/data/v20.0/sobjects/task/00T3n00006yBl0eEAC,Tw7+Y+3csxIS6SJF,PwL6bi7fYYPsp7Yk,S,117785703,DELETE,"",204,9999,0,"",3882,100,0,0,Task,2021-05-18T22:50:55.791Z,00530000000h4RgAAI,3.217.13.88,00T3n00006yBl0eEAC
RestApi,20210518225058.047,SLB:830e28d751eb3d99e76650e1f3ca1919,00D300000000FHi,00530000000h4Rg,198,92,/services/data/v20.0/sobjects/task/00T3n00006yBl0jEAC,Tw7+Y+3csxIS6SJF,PwL6bi7fYYPsp7Yk,S,106778825,DELETE,"",204,9999,0,"",3808,90,0,0,Task,2021-05-18T22:50:58.047Z,00530000000h4RgAAI,3.217.13.88,00T3n00006yBl0jEAC
RestApi,20210518225101.147,SLB:d789f8ef134d3038760e48628ffd9d7b,00D300000000FHi,00530000000h4Rg,191,84,/services/data/v20.0/sobjects/task/00T3n00006yBkxnEAC,Tw7+Y+3csxIS6SJF,PwL6bi7fYYPsp7Yk,S,106587979,DELETE,"",204,9999,0,"",3852,100,0,0,Task,2021-05-18T22:51:01.147Z,00530000000h4RgAAI,3.217.13.88,00T3n00006yBkxnEAC
RestApi,20210518225101.981,SLB:0ddeccb0e3d3281e74aa78017224eaf5,00D300000000FHi,00530000000h4Rg,228,93,/services/data/v20.0/sobjects/task/00T3n00006yBl0oEAC,Tw7+Y+3csxIS6SJF,PwL6bi7fYYPsp7Yk,S,133312223,DELETE,"",204,9999,0,"",3805,100,0,0,Task,2021-05-18T22:51:01.981Z,00530000000h4RgAAI,3.217.13.88,00T3n00006yBl0oEAC
RestApi,20210518225103.415,SLB:b5c3770c31ae8cc4bc0985754d518b9a,00D300000000FHi,00530000000h4Rg,457,260,/services/data/v20.0/sobjects/task/00T3n00006yBl0tEAC,Tw7+Y+3csxIS6SJF,PwL6bi7fYYPsp7Yk,S,110030975,DELETE,"",204,9999,0,"",3806,100,0,0,Task,2021-05-18T22:51:03.415Z,00530000000h4RgAAI,3.217.13.88,00T3n00006yBl0tEAC
RestApi,20210518225109.456,SLB:4da0a2cf8fb5ebf000f58c95bd2a657d,00D300000000FHi,00530000000h4Rg,403,209,/services/data/v20.0/sobjects/task/00T3n00006yBl0pEAC,Tw7+Y+3csxIS6SJF,PwL6bi7fYYPsp7Yk,S,101391968,DELETE,"",204,9999,0,"",3825,80,0,0,Task,2021-05-18T22:51:09.456Z,00530000000h4RgAAI,3.217.13.88,00T3n00006yBl0pEAC
RestApi,20210518225112.201,SLB:4c2b3d727d0e9a73345813d22a4f0edd,00D300000000FHi,00530000000h4Rg,438,230,/services/data/v20.0/sobjects/task/00T3n00006yBlBqEAK,Tw7+Y+3csxIS6SJF,PwL6bi7fYYPsp7Yk,S,127707405,DELETE,"",204,9999,0,"",3823,100,0,0,Task,2021-05-18T22:51:12.201Z,00530000000h4RgAAI,3.217.13.88,00T3n00006yBlBqEAK
RestApi,20210518225113.158,SLB:a8b992fa83b202569b216b42e814cf3e,00D300000000FHi,00530000000h4Rg,205,77,/services/data/v20.0/sobjects/task/00T3n00006yBlBvEAK,Tw7+Y+3csxIS6SJF,PwL6bi7fYYPsp7Yk,S,113890910,DELETE,"",204,9999,0,"",3785,100,0,0,Task,2021-05-18T22:51:13.158Z,00530000000h4RgAAI,3.217.13.88,00T3n00006yBlBvEAK
RestApi,20210518225113.831,SLB:48a0d8421a29f13ed94a0145307d0fab,00D300000000FHi,00530000000h4Rg,180,70,/services/data/v20.0/sobjects/task/00T3n00006yBlC0EAK,Tw7+Y+3csxIS6SJF,PwL6bi7fYYPsp7Yk,S,111088732,DELETE,"",204,9999,0,"",3798,90,0,0,Task,2021-05-18T22:51:13.831Z,00530000000h4RgAAI,3.217.13.88,00T3n00006yBlC0EAK
RestApi,20210518225115.279,SLB:45e9a22bca105e46c55c1e53f45714b5,00D300000000FHi,00530000000h4Rg,231,76,/services/data/v20.0/sobjects/task/00T3n00006yBlC5EAK,Tw7+Y+3csxIS6SJF,PwL6bi7fYYPsp7Yk,S,154574914,DELETE,"",204,9999,0,"",3838,70,0,0,Task,2021-05-18T22:51:15.279Z,00530000000h4RgAAI,3.217.13.88,00T3n00006yBlC5EAK
RestApi,20210518225117.452,SLB:f9b010520b6a05dac21778ed90baf2dc,00D300000000FHi,00530000000h4Rg,567,267,/services/data/v20.0/sobjects/task/00T3n00006yBm4yEAC,Tw7+Y+3csxIS6SJF,PwL6bi7fYYPsp7Yk,S,122152156,DELETE,"",204,9999,0,"",3856,80,0,0,Task,2021-05-18T22:51:17.452Z,00530000000h4RgAAI,3.217.13.88,00T3n00006yBm4yEAC
RestApi,20210518225118.290,SLB:895a74a111a4867fde8417cf42df4177,00D300000000FHi,00530000000h4Rg,440,235,/services/data/v20.0/sobjects/task/00T3n00006yBltMEAS,Tw7+Y+3csxIS6SJF,PwL6bi7fYYPsp7Yk,S,102728305,DELETE,"",204,9999,0,"",3828,100,0,0,Task,2021-05-18T22:51:18.290Z,00530000000h4RgAAI,3.217.13.88,00T3n00006yBltMEAS
RestApi,20210518225118.800,SLB:6e44dabe4b0ad5796c296cd6c153fcdc,00D300000000FHi,00530000000h4Rg,188,78,/services/data/v20.0/sobjects/task/00T3n00006yBm4kEAC,Tw7+Y+3csxIS6SJF,PwL6bi7fYYPsp7Yk,S,105400458,DELETE,"",204,9999,0,"",3822,80,0,0,Task,2021-05-18T22:51:18.800Z,00530000000h4RgAAI,3.217.13.88,00T3n00006yBm4kEAC
RestApi,20210518225119.646,SLB:48fcc29587d08823be1c8a7b2bbe9438,00D300000000FHi,00530000000h4Rg,213,95,/services/data/v20.0/sobjects/task/00T3n00006yBm53EAC,Tw7+Y+3csxIS6SJF,PwL6bi7fYYPsp7Yk,S,111643689,DELETE,"",204,9999,0,"",3808,90,0,0,Task,2021-05-18T22:51:19.646Z,00530000000h4RgAAI,3.217.13.88,00T3n00006yBm53EAC
RestApi,20210519182503.010,SLB:c664270d2aa1d812902da156c641dad4,00D300000000FHi,0052T00000CDhKm,131,55,/services/data/v20.0/sobjects/task/00T3n00006yD7AWEA0,X65LCxMUWTx8xkfw,fTVqR0z4rIpXgJmN,S,75429836,PATCH,"",204,9999,1,2,818,50,137,0,Task,2021-05-19T18:25:03.010Z,0052T00000CDhKmQAL,3.219.189.86,00T3n00006yD7AWEA0
RestApi,20210519185423.410,SLB:e2f20333e36638024a250767957508f3,00D300000000FHi,00534000009jCZ9,372,176,/services/data/v20.0/sobjects/task/00T3n00006yD96HEAS,wFQedD6T4p64K/lq,4fx4C019V0WYITfE,S,132997172,DELETE,"",204,9999,0,"",3833,100,0,0,Task,2021-05-19T18:54:23.410Z,00534000009jCZ9AAM,3.217.13.88,00T3n00006yD96HEAS
RestApi,20210519185426.117,SLB:e42eecff4a47853a5eae30d9d46b7b67,00D300000000FHi,00534000009jCZ9,268,120,/services/data/v20.0/sobjects/task/00T3n00006yD9mqEAC,wFQedD6T4p64K/lq,4fx4C019V0WYITfE,S,141596938,DELETE,"",204,9999,0,"",3855,110,0,0,Task,2021-05-19T18:54:26.117Z,00534000009jCZ9AAM,3.217.13.88,00T3n00006yD9mqEAC
RestApi,20210519185427.957,SLB:eeea8a0b57f5566d94bbc2e947c46889,00D300000000FHi,00534000009jCZ9,406,144,/services/data/v20.0/sobjects/task/00T3n00006yDALcEAO,wFQedD6T4p64K/lq,4fx4C019V0WYITfE,S,126884837,DELETE,"",204,9999,0,"",3833,90,0,0,Task,2021-05-19T18:54:27.957Z,00534000009jCZ9AAM,3.217.13.88,00T3n00006yDALcEAO
RestApi,20210519185431.220,SLB:93b6e9639295e5a20bbf72b7aa493e66,00D300000000FHi,00534000009jCZ9,376,166,/services/data/v20.0/sobjects/task/00T3n00006yDAQfEAO,wFQedD6T4p64K/lq,4fx4C019V0WYITfE,S,147876468,DELETE,"",204,9999,0,"",3853,100,0,0,Task,2021-05-19T18:54:31.220Z,00534000009jCZ9AAM,3.217.13.88,00T3n00006yDAQfEAO
RestApi,20210519185434.368,SLB:b186797b71d9636974d79245c5bd14a5,00D300000000FHi,00534000009jCZ9,320,160,/services/data/v20.0/sobjects/task/00T3n00006yDAPQEA4,wFQedD6T4p64K/lq,4fx4C019V0WYITfE,S,125728089,DELETE,"",204,9999,0,"",3819,80,0,0,Task,2021-05-19T18:54:34.368Z,00534000009jCZ9AAM,3.217.13.88,00T3n00006yDAPQEA4
RestApi,20210519202136.926,SLB:7645f7f2b93a5596ff32525d2a3b54d8,00D300000000FHi,0053n0000051Fty,410,233,/services/data/v20.0/sobjects/task/00T3n00006yDKKyEAO,nYp0ssZXjVSfgDCO,z6TCGxuWprCyoKWY,S,105671638,DELETE,"",204,9999,0,"",3547,80,0,0,Task,2021-05-19T20:21:36.926Z,0053n0000051FtyAAE,3.219.189.86,00T3n00006yDKKyEAO
RestApi,20210519202142.161,SLB:26082667c4af406e93d074eb9f21e2e6,00D300000000FHi,0053n0000051Fty,737,102,/services/data/v20.0/sobjects/task/00T3n00006yDKU1EAO,nYp0ssZXjVSfgDCO,z6TCGxuWprCyoKWY,S,120478489,DELETE,"",204,9999,0,"",3588,90,0,0,Task,2021-05-19T20:21:42.161Z,0053n0000051FtyAAE,3.219.189.86,00T3n00006yDKU1EAO
RestApi,20210519202144.245,SLB:abbc12cb6103f492c3e716c0db2b5dbf,00D300000000FHi,0053n0000051Fty,305,149,/services/data/v20.0/sobjects/task/00T3n00006yDK5ZEAW,nYp0ssZXjVSfgDCO,z6TCGxuWprCyoKWY,S,114918535,DELETE,"",204,9999,0,"",3539,90,0,0,Task,2021-05-19T20:21:44.245Z,0053n0000051FtyAAE,3.219.189.86,00T3n00006yDK5ZEAW
RestApi,20210521103512.189,SLB:7704f7aeef429ef416e26cfcd6d0f3c5,00D300000000FHi,0053400000ABl1I,38,20,/services/data/v20.0/query/,/p5QR4M7t+uEo9cV,0zsMSqeo7378ZzZ/,S,21144044,GET,application/json;charset=UTF-8,200,9999,1,2,733,0,0,228,StaticResource,2021-05-21T10:35:12.189Z,0053400000ABl1IAAT,52.8.134.43,""
RestApi,20210521104530.951,SLB:49261a86f70b5368b3292a32844345b8,00D300000000FHi,0053400000ABl1I,39,19,/services/data/v20.0/query/,/p5QR4M7t+uEo9cV,Ua8xQSUV1le0+egI,S,23823990,GET,application/json;charset=UTF-8,200,9999,1,2,733,10,0,234,StaticResource,2021-05-21T10:45:30.951Z,0053400000ABl1IAAT,52.8.244.154,""
RestApi,20210521105158.866,SLB:6a491d2693fe39c86502e399575de634,00D300000000FHi,0053400000ABl1I,29,18,/services/data/v20.0/query/,/p5QR4M7t+uEo9cV,abfIybTCzKLZzK9R,S,13865006,GET,application/json;charset=UTF-8,200,9999,1,2,731,10,0,228,StaticResource,2021-05-21T10:51:58.866Z,0053400000ABl1IAAT,52.8.134.43,""
RestApi,20210521105253.548,SLB:5686a85ae00df00ece2347bfc999b5b8,00D300000000FHi,0053400000ABl1I,28,17,/services/data/v20.0/query/,/p5QR4M7t+uEo9cV,wYLM8isz1eHOzpmE,S,13785383,GET,application/json;charset=UTF-8,200,9999,1,2,731,0,0,234,StaticResource,2021-05-21T10:52:53.548Z,0053400000ABl1IAAT,52.8.244.154,""
RestApi,20210521105402.323,SLB:f5636aa97a7916485d7c7568adad9c00,00D300000000FHi,0053400000ABl1I,23,12,/services/data/v20.0/query/,/p5QR4M7t+uEo9cV,5sE1syo2gnc0sLrG,S,12867714,GET,application/json;charset=UTF-8,200,9999,1,2,717,0,0,228,StaticResource,2021-05-21T10:54:02.323Z,0053400000ABl1IAAT,52.8.134.43,""
RestApi,20210521105633.163,SLB:b00aaa5a2079c9c2f2891d824766d7ed,00D300000000FHi,0053400000ABl1I,29,18,/services/data/v20.0/query/,/p5QR4M7t+uEo9cV,8RvaDDlGmNjq3hz8,S,13290093,GET,application/json;charset=UTF-8,200,9999,1,2,717,0,0,234,StaticResource,2021-05-21T10:56:33.163Z,0053400000ABl1IAAT,52.8.244.154,""
RestApi,20210521110121.230,SLB:660aeec64bc3159505e7d0634a12b77c,00D300000000FHi,0053400000ABl1I,29,16,/services/data/v20.0/query/,/p5QR4M7t+uEo9cV,qTIusgUtkaVnBKbB,S,14145261,GET,application/json;charset=UTF-8,200,9999,1,2,731,10,0,234,StaticResource,2021-05-21T11:01:21.230Z,0053400000ABl1IAAT,52.8.134.43,""
RestApi,20210521110357.671,SLB:f0eb879d44d1cac7aaddf4690183cd1c,00D300000000FHi,0053400000ABl1I,25,14,/services/data/v20.0/query/,/p5QR4M7t+uEo9cV,LYXkkMALT7NfW0uZ,S,12721251,GET,application/json;charset=UTF-8,200,9999,1,2,717,0,0,234,StaticResource,2021-05-21T11:03:57.671Z,0053400000ABl1IAAT,52.8.244.154,""
RestApi,20210521110805.656,SLB:97ff72fcce732a4e150063f68acfd22d,00D300000000FHi,0053400000ABl1I,29,16,/services/data/v20.0/query/,/p5QR4M7t+uEo9cV,XkO2Hj0W/uHzQLPD,S,15656620,GET,application/json;charset=UTF-8,200,9999,1,2,731,10,0,234,StaticResource,2021-05-21T11:08:05.656Z,0053400000ABl1IAAT,52.8.244.154,""
RestApi,20210521163312.186,SLB:3fdcb59ba3605878cdef838104fca705,00D300000000FHi,00580000004MWsr,623,237,/services/data/v20.0/sobjects/task/00T3n00006ySKTfEAO,ZQnkAdFJtR7pJpHc,3jdnnInoiXdgpPkd,S,199656147,DELETE,"",204,9999,0,"",3917,130,0,0,Task,2021-05-21T16:33:12.186Z,00580000004MWsrAAG,52.6.139.103,00T3n00006ySKTfEAO
RestApi,20210521163317.622,SLB:a04e874eae012dddff97b96ed6023af9,00D300000000FHi,00580000004MWsr,284,102,/services/data/v20.0/sobjects/task/00T3n00006x9tENEAY,ZQnkAdFJtR7pJpHc,3jdnnInoiXdgpPkd,S,158920020,DELETE,"",204,9999,0,"",3824,110,0,0,Task,2021-05-21T16:33:17.622Z,00580000004MWsrAAG,52.6.139.103,00T3n00006x9tENEAY
RestApi,20210521163318.068,SLB:2eb8b6af72997ebe9d8c4e4c624e9943,00D300000000FHi,00580000004MWsr,375,180,/services/data/v20.0/sobjects/task/00T3n00006x9wGyEAI,ZQnkAdFJtR7pJpHc,3jdnnInoiXdgpPkd,S,125971813,DELETE,"",204,9999,0,"",3856,90,0,0,Task,2021-05-21T16:33:18.068Z,00580000004MWsrAAG,52.6.139.103,00T3n00006x9wGyEAI
RestApi,20210521210012.075,SLB:3e05fb307650dcf10f12466664ea2a8c,00D300000000FHi,0053n000007GRwW,587,227,/services/data/v20.0/sobjects/task/00T3n00006ySJi1EAG,1i9ArHMwr1u1H+jj,VPJu1m0t5sHdY/TR,S,155795080,DELETE,"",204,9999,0,"",3825,120,0,0,Task,2021-05-21T21:00:12.075Z,0053n000007GRwWAAW,3.219.189.86,00T3n00006ySJi1EAG
RestApi,20210521210012.750,SLB:40e63e6d2e582046a4482b16225f6a74,00D300000000FHi,0053n000007GRwW,381,200,/services/data/v20.0/sobjects/task/00T3n00006ySIZjEAO,1i9ArHMwr1u1H+jj,VPJu1m0t5sHdY/TR,S,119353665,DELETE,"",204,9999,0,"",3833,90,0,0,Task,2021-05-21T21:00:12.750Z,0053n000007GRwWAAW,3.219.189.86,00T3n00006ySIZjEAO
RestApi,20210521210013.462,SLB:6002593dd94bafc0f27c7ee696f59fb7,00D300000000FHi,0053n000007GRwW,462,233,/services/data/v20.0/sobjects/task/00T3n00006ySIzpEAG,1i9ArHMwr1u1H+jj,VPJu1m0t5sHdY/TR,S,148392575,DELETE,"",204,9999,0,"",3880,120,0,0,Task,2021-05-21T21:00:13.462Z,0053n000007GRwWAAW,3.219.189.86,00T3n00006ySIzpEAG
RestApi,20210521210014.007,SLB:548c8305ca72b7343af3aa1f207a7d72,00D300000000FHi,0053n000007GRwW,327,146,/services/data/v20.0/sobjects/task/00T3n00006ySJf3EAG,1i9ArHMwr1u1H+jj,VPJu1m0t5sHdY/TR,S,151164291,DELETE,"",204,9999,0,"",3868,120,0,0,Task,2021-05-21T21:00:14.007Z,0053n000007GRwWAAW,3.219.189.86,00T3n00006ySJf3EAG
RestApi,20210521210014.705,SLB:dda88534b7a5add84d3896185392edb2,00D300000000FHi,0053n000007GRwW,471,221,/services/data/v20.0/sobjects/task/00T3n00006ySJh4EAG,1i9ArHMwr1u1H+jj,VPJu1m0t5sHdY/TR,S,146419778,DELETE,"",204,9999,0,"",3845,100,0,0,Task,2021-05-21T21:00:14.705Z,0053n000007GRwWAAW,3.219.189.86,00T3n00006ySJh4EAG
RestApi,20210521210015.565,SLB:4e9d275eb8b34a3952e85fabd695044d,00D300000000FHi,0053n000007GRwW,511,219,/services/data/v20.0/sobjects/task/00T3n00006ySJdYEAW,1i9ArHMwr1u1H+jj,VPJu1m0t5sHdY/TR,S,127974422,DELETE,"",204,9999,0,"",3819,90,0,0,Task,2021-05-21T21:00:15.565Z,0053n000007GRwWAAW,3.219.189.86,00T3n00006ySJdYEAW
RestApi,20210521210016.010,SLB:3579b7557943aa9312e245effa974ada,00D300000000FHi,0053n000007GRwW,223,87,/services/data/v20.0/sobjects/task/00T3n00006ySJhdEAG,1i9ArHMwr1u1H+jj,VPJu1m0t5sHdY/TR,S,123024799,DELETE,"",204,9999,0,"",3789,100,0,0,Task,2021-05-21T21:00:16.010Z,0053n000007GRwWAAW,3.219.189.86,00T3n00006ySJhdEAG
RestApi,20210521210016.622,SLB:8ca5dc05fa8fc88e90e062fe51c764e5,00D300000000FHi,0053n000007GRwW,375,195,/services/data/v20.0/sobjects/task/00T3n00006ySJDkEAO,1i9ArHMwr1u1H+jj,VPJu1m0t5sHdY/TR,S,127104301,DELETE,"",204,9999,0,"",3858,100,0,0,Task,2021-05-21T21:00:16.622Z,0053n000007GRwWAAW,3.219.189.86,00T3n00006ySJDkEAO
RestApi,20210521210017.065,SLB:7981284a3905095dde6c6997a9c5f45e,00D300000000FHi,0053n000007GRwW,237,85,/services/data/v20.0/sobjects/task/00T3n00006ySJhYEAW,1i9ArHMwr1u1H+jj,VPJu1m0t5sHdY/TR,S,129726262,DELETE,"",204,9999,0,"",3820,110,0,0,Task,2021-05-21T21:00:17.065Z,0053n000007GRwWAAW,3.219.189.86,00T3n00006ySJhYEAW
RestApi,20210521210017.628,SLB:4c1f9ddb549f73ffcc9a157e4a4f1c07,00D300000000FHi,0053n000007GRwW,351,168,/services/data/v20.0/sobjects/task/00T3n00006ySJ8QEAW,1i9ArHMwr1u1H+jj,VPJu1m0t5sHdY/TR,S,120280834,DELETE,"",204,9999,0,"",3845,110,0,0,Task,2021-05-21T21:00:17.628Z,0053n000007GRwWAAW,3.219.189.86,00T3n00006ySJ8QEAW
RestApi,20210521210018.235,SLB:8396db32337c93cd5d3eca1e6cb888aa,00D300000000FHi,0053n000007GRwW,389,186,/services/data/v20.0/sobjects/task/00T3n00006ySJnuEAG,1i9ArHMwr1u1H+jj,VPJu1m0t5sHdY/TR,S,136167972,DELETE,"",204,9999,0,"",3823,110,0,0,Task,2021-05-21T21:00:18.235Z,0053n000007GRwWAAW,3.219.189.86,00T3n00006ySJnuEAG
RestApi,20210521210018.665,SLB:9c5d8fd4b90d90f26b374dd9db35fbae,00D300000000FHi,0053n000007GRwW,208,93,/services/data/v20.0/sobjects/task/00T3n00006ySJbBEAW,1i9ArHMwr1u1H+jj,VPJu1m0t5sHdY/TR,S,109438303,DELETE,"",204,9999,0,"",3835,80,0,0,Task,2021-05-21T21:00:18.665Z,0053n000007GRwWAAW,3.219.189.86,00T3n00006ySJbBEAW
RestApi,20210521210019.142,SLB:9013dfa2e8e6a8f3a24d872bca489432,00D300000000FHi,0053n000007GRwW,235,99,/services/data/v20.0/sobjects/task/00T3n00006ySJo9EAG,1i9ArHMwr1u1H+jj,VPJu1m0t5sHdY/TR,S,131586159,DELETE,"",204,9999,0,"",3900,110,0,0,Task,2021-05-21T21:00:19.142Z,0053n000007GRwWAAW,3.219.189.86,00T3n00006ySJo9EAG
RestApi,20210521210020.302,SLB:65f060b5cf218f4959883f9b1a65112c,00D300000000FHi,0053n000007GRwW,934,345,/services/data/v20.0/sobjects/task/00T3n00006ySJoJEAW,1i9ArHMwr1u1H+jj,VPJu1m0t5sHdY/TR,S,133074946,DELETE,"",204,9999,0,"",3850,90,0,0,Task,2021-05-21T21:00:20.302Z,0053n000007GRwWAAW,3.219.189.86,00T3n00006ySJoJEAW
RestApi,20210521210020.748,SLB:931ea7465b3fa765fb54e43f7861b297,00D300000000FHi,0053n000007GRwW,231,96,/services/data/v20.0/sobjects/task/00T3n00006ySJ9iEAG,1i9ArHMwr1u1H+jj,VPJu1m0t5sHdY/TR,S,133148116,DELETE,"",204,9999,0,"",3790,110,0,0,Task,2021-05-21T21:00:20.748Z,0053n000007GRwWAAW,3.219.189.86,00T3n00006ySJ9iEAG
RestApi,20210521210021.263,SLB:7c41f46ff0f51ab4e50ce3c85598fa89,00D300000000FHi,0053n000007GRwW,297,85,/services/data/v20.0/sobjects/task/00T3n00006ySJVZEA4,1i9ArHMwr1u1H+jj,VPJu1m0t5sHdY/TR,S,170705317,DELETE,"",204,9999,0,"",3823,100,0,0,Task,2021-05-21T21:00:21.263Z,0053n000007GRwWAAW,3.219.189.86,00T3n00006ySJVZEA4
RestApi,20210521210021.697,SLB:3cadb64526727e0b2d165875e503980d,00D300000000FHi,0053n000007GRwW,213,90,/services/data/v20.0/sobjects/task/00T3n00006ySItREAW,1i9ArHMwr1u1H+jj,VPJu1m0t5sHdY/TR,S,121108508,DELETE,"",204,9999,0,"",3802,90,0,0,Task,2021-05-21T21:00:21.697Z,0053n000007GRwWAAW,3.219.189.86,00T3n00006ySItREAW
RestApi,20210521210022.112,SLB:0f4e0be7d56b3249e4244e39e319e360,00D300000000FHi,0053n000007GRwW,207,84,/services/data/v20.0/sobjects/task/00T3n00006ySJ3wEAG,1i9ArHMwr1u1H+jj,VPJu1m0t5sHdY/TR,S,126545759,DELETE,"",204,9999,0,"",3894,90,0,0,Task,2021-05-21T21:00:22.112Z,0053n000007GRwWAAW,3.219.189.86,00T3n00006ySJ3wEAG
RestApi,20210521210022.526,SLB:f0d22950f5fb2063cca1df38a4cf978d,00D300000000FHi,0053n000007GRwW,201,89,/services/data/v20.0/sobjects/task/00T3n00006ySJ95EAG,1i9ArHMwr1u1H+jj,VPJu1m0t5sHdY/TR,S,110442137,DELETE,"",204,9999,0,"",3842,90,0,0,Task,2021-05-21T21:00:22.526Z,0053n000007GRwWAAW,3.219.189.86,00T3n00006ySJ95EAG
RestApi,20210521210022.940,SLB:b39be8bd3645f77a8b95b9bc240139a4,00D300000000FHi,0053n000007GRwW,207,93,/services/data/v20.0/sobjects/task/00T3n00006ySJodEAG,1i9ArHMwr1u1H+jj,VPJu1m0t5sHdY/TR,S,109759509,DELETE,"",204,9999,0,"",3821,100,0,0,Task,2021-05-21T21:00:22.940Z,0053n000007GRwWAAW,3.219.189.86,00T3n00006ySJodEAG
RestApi,20210521210023.495,SLB:3aa297d0877e2b101d126aece180f047,00D300000000FHi,0053n000007GRwW,328,160,/services/data/v20.0/sobjects/task/00T3n00006ySJMnEAO,1i9ArHMwr1u1H+jj,VPJu1m0t5sHdY/TR,S,118593500,DELETE,"",204,9999,0,"",3854,90,0,0,Task,2021-05-21T21:00:23.495Z,0053n000007GRwWAAW,3.219.189.86,00T3n00006ySJMnEAO
RestApi,20210521210023.929,SLB:6a10c46d2b2571be6a3f3d9f8e02a9d3,00D300000000FHi,0053n000007GRwW,221,101,/services/data/v20.0/sobjects/task/00T3n00006ySJqyEAG,1i9ArHMwr1u1H+jj,VPJu1m0t5sHdY/TR,S,118617643,DELETE,"",204,9999,0,"",3818,100,0,0,Task,2021-05-21T21:00:23.929Z,0053n000007GRwWAAW,3.219.189.86,00T3n00006ySJqyEAG
RestApi,20210521210024.358,SLB:7df1b5500b67094a47c30c3f407bbff8,00D300000000FHi,0053n000007GRwW,222,88,/services/data/v20.0/sobjects/task/00T3n00006ySIwzEAG,1i9ArHMwr1u1H+jj,VPJu1m0t5sHdY/TR,S,110420060,DELETE,"",204,9999,0,"",4542,100,0,0,Task,2021-05-21T21:00:24.358Z,0053n000007GRwWAAW,3.219.189.86,00T3n00006ySIwzEAG
RestApi,20210521210025.269,SLB:0ce76e13048ee95ed91db4ed3baaa7ed,00D300000000FHi,0053n000007GRwW,706,241,/services/data/v20.0/sobjects/task/00T3n00006ySJfwEAG,1i9ArHMwr1u1H+jj,VPJu1m0t5sHdY/TR,S,119036483,DELETE,"",204,9999,0,"",4033,80,0,0,Task,2021-05-21T21:00:25.269Z,0053n000007GRwWAAW,3.219.189.86,00T3n00006ySJfwEAG
RestApi,20210521210025.712,SLB:5cb3641fb7a6adb600159f4c48686d8b,00D300000000FHi,0053n000007GRwW,231,84,/services/data/v20.0/sobjects/task/00T3n00006ySIpXEAW,1i9ArHMwr1u1H+jj,VPJu1m0t5sHdY/TR,S,144428994,DELETE,"",204,9999,0,"",3875,120,0,0,Task,2021-05-21T21:00:25.712Z,0053n000007GRwWAAW,3.219.189.86,00T3n00006ySIpXEAW
RestApi,20210521210026.128,SLB:080cccfc60052d9273ca1d8024a6ead5,00D300000000FHi,0053n000007GRwW,204,81,/services/data/v20.0/sobjects/task/00T3n00006ySIu3EAG,1i9ArHMwr1u1H+jj,VPJu1m0t5sHdY/TR,S,126109944,DELETE,"",204,9999,0,"",3787,80,0,0,Task,2021-05-21T21:00:26.128Z,0053n000007GRwWAAW,3.219.189.86,00T3n00006ySIu3EAG
RestApi,20210521210026.569,SLB:a34fe14446cdc4dd00e9f79752b56bdf,00D300000000FHi,0053n000007GRwW,238,84,/services/data/v20.0/sobjects/task/00T3n00006ySJs2EAG,1i9ArHMwr1u1H+jj,VPJu1m0t5sHdY/TR,S,152568317,DELETE,"",204,9999,0,"",3716,100,0,0,Task,2021-05-21T21:00:26.569Z,0053n000007GRwWAAW,3.219.189.86,00T3n00006ySJs2EAG
RestApi,20210521210027.167,SLB:e531c2614a6e5adb216896811c992395,00D300000000FHi,0053n000007GRwW,387,196,/services/data/v20.0/sobjects/task/00T3n00006ySJTmEAO,1i9ArHMwr1u1H+jj,VPJu1m0t5sHdY/TR,S,128727823,DELETE,"",204,9999,0,"",3839,120,0,0,Task,2021-05-21T21:00:27.167Z,0053n000007GRwWAAW,3.219.189.86,00T3n00006ySJTmEAO
RestApi,20210521210027.878,SLB:fd93c5b4076dde3ed61926118c5b1874,00D300000000FHi,0053n000007GRwW,457,226,/services/data/v20.0/sobjects/task/00T3n00006ySJt4EAG,1i9ArHMwr1u1H+jj,VPJu1m0t5sHdY/TR,S,161284366,DELETE,"",204,9999,0,"",3833,130,0,0,Task,2021-05-21T21:00:27.878Z,0053n000007GRwWAAW,3.219.189.86,00T3n00006ySJt4EAG
RestApi,20210521210028.303,SLB:ca70d0595a2309b9180fe3c35e5589ad,00D300000000FHi,0053n000007GRwW,214,82,/services/data/v20.0/sobjects/task/00T3n00006ySJbNEAW,1i9ArHMwr1u1H+jj,VPJu1m0t5sHdY/TR,S,134433993,DELETE,"",204,9999,0,"",3779,100,0,0,Task,2021-05-21T21:00:28.303Z,0053n000007GRwWAAW,3.219.189.86,00T3n00006ySJbNEAW
RestApi,20210521210028.750,SLB:346dd6c2d93a0020205d699bfc953768,00D300000000FHi,0053n000007GRwW,233,104,/services/data/v20.0/sobjects/task/00T3n00006ySPSrEAO,1i9ArHMwr1u1H+jj,VPJu1m0t5sHdY/TR,S,131191669,DELETE,"",204,9999,0,"",3829,90,0,0,Task,2021-05-21T21:00:28.750Z,0053n000007GRwWAAW,3.219.189.86,00T3n00006ySPSrEAO
RestApi,20210521210029.233,SLB:007d89258b5c5f73fe08414f0b58e4cd,00D300000000FHi,0053n000007GRwW,276,84,/services/data/v20.0/sobjects/task/00T3n00006ySPSsEAO,1i9ArHMwr1u1H+jj,VPJu1m0t5sHdY/TR,S,193488934,DELETE,"",204,9999,0,"",3892,90,0,0,Task,2021-05-21T21:00:29.233Z,0053n000007GRwWAAW,3.219.189.86,00T3n00006ySPSsEAO
RestApi,20210521210029.652,SLB:7bc4e8d4afe90eed6559a4bcc2483276,00D300000000FHi,0053n000007GRwW,213,90,/services/data/v20.0/sobjects/task/00T3n00006ySOZ8EAO,1i9ArHMwr1u1H+jj,VPJu1m0t5sHdY/TR,S,123639920,DELETE,"",204,9999,0,"",3820,110,0,0,Task,2021-05-21T21:00:29.652Z,0053n000007GRwWAAW,3.219.189.86,00T3n00006ySOZ8EAO
RestApi,20210521210030.061,SLB:8d156df9dc49ee734bf59106dee9e841,00D300000000FHi,0053n000007GRwW,207,84,/services/data/v20.0/sobjects/task/00T3n00006ySPhWEAW,1i9ArHMwr1u1H+jj,VPJu1m0t5sHdY/TR,S,123960302,DELETE,"",204,9999,0,"",3825,90,0,0,Task,2021-05-21T21:00:30.061Z,0053n000007GRwWAAW,3.219.189.86,00T3n00006ySPhWEAW
RestApi,20210521210030.456,SLB:b89007bf57fb322801ff1aa6c8ecc44c,00D300000000FHi,0053n000007GRwW,191,75,/services/data/v20.0/sobjects/task/00T3n00006ySLZQEA4,1i9ArHMwr1u1H+jj,VPJu1m0t5sHdY/TR,S,113487767,DELETE,"",204,9999,0,"",3834,90,0,0,Task,2021-05-21T21:00:30.456Z,0053n000007GRwWAAW,3.219.189.86,00T3n00006ySLZQEA4
RestApi,20210520004534.742,SLB:b0f2c1567440f207416e69d9a6762f63,00D300000000FHi,005340000082z7e,464,195,/services/data/v20.0/sobjects/task/00T3n00006xyFOGEA2,lDyo0yKHGOiEK4Ki,V/Z6P7uSg8+cE5+W,S,174349957,DELETE,"",204,9999,0,"",3856,110,0,0,Task,2021-05-20T00:45:34.742Z,005340000082z7eAAA,52.6.139.103,00T3n00006xyFOGEA2
RestApi,20210520004536.112,SLB:305e83f8c293d3d4f2dd9a1f67029375,00D300000000FHi,005340000082z7e,393,146,/services/data/v20.0/sobjects/task/00T3n00006xyFc0EAE,lDyo0yKHGOiEK4Ki,V/Z6P7uSg8+cE5+W,S,122346502,DELETE,"",204,9999,0,"",3848,100,0,0,Task,2021-05-20T00:45:36.112Z,005340000082z7eAAA,52.6.139.103,00T3n00006xyFc0EAE
RestApi,20210520004537.087,SLB:d02981f5b46b8058bfdb0889a618502e,00D300000000FHi,005340000082z7e,451,231,/services/data/v20.0/sobjects/task/00T3n00006xyFeaEAE,lDyo0yKHGOiEK4Ki,V/Z6P7uSg8+cE5+W,S,134989538,DELETE,"",204,9999,0,"",3793,100,0,0,Task,2021-05-20T00:45:37.087Z,005340000082z7eAAA,52.6.139.103,00T3n00006xyFeaEAE
RestApi,20210520004538.685,SLB:d34215f89877b8818880df01bf91165a,00D300000000FHi,005340000082z7e,428,218,/services/data/v20.0/sobjects/task/00T3n00006xyFgBEAU,lDyo0yKHGOiEK4Ki,V/Z6P7uSg8+cE5+W,S,116101194,DELETE,"",204,9999,0,"",4020,100,0,0,Task,2021-05-20T00:45:38.685Z,005340000082z7eAAA,52.6.139.103,00T3n00006xyFgBEAU
RestApi,20210520004540.805,SLB:4dfa48b541b9016d60d9b8b564c9c3b9,00D300000000FHi,005340000082z7e,471,272,/services/data/v20.0/sobjects/task/00T3n00006xyFfwEAE,lDyo0yKHGOiEK4Ki,V/Z6P7uSg8+cE5+W,S,110884787,DELETE,"",204,9999,0,"",4006,80,0,0,Task,2021-05-20T00:45:40.805Z,005340000082z7eAAA,52.6.139.103,00T3n00006xyFfwEAE
RestApi,20210520004542.693,SLB:4e820ea7c61a1f3b33c26f1a7ae7a8b7,00D300000000FHi,005340000082z7e,483,267,/services/data/v20.0/sobjects/task/00T3n00006xyDN6EAM,lDyo0yKHGOiEK4Ki,V/Z6P7uSg8+cE5+W,S,112409123,DELETE,"",204,9999,0,"",3824,100,0,0,Task,2021-05-20T00:45:42.693Z,005340000082z7eAAA,52.6.139.103,00T3n00006xyDN6EAM
RestApi,20210520004544.565,SLB:a3aeaedb62401b501ad238b4c86592a4,00D300000000FHi,005340000082z7e,340,177,/services/data/v20.0/sobjects/task/00T3n00006xyFcuEAE,lDyo0yKHGOiEK4Ki,V/Z6P7uSg8+cE5+W,S,92560012,DELETE,"",204,9999,0,"",3905,70,0,0,Task,2021-05-20T00:45:44.565Z,005340000082z7eAAA,52.6.139.103,00T3n00006xyFcuEAE
RestApi,20210520004547.676,SLB:4610f96024260b5e4eea37812fd1458b,00D300000000FHi,005340000082z7e,371,183,/services/data/v20.0/sobjects/task/00T3n00006xyFOkEAM,lDyo0yKHGOiEK4Ki,V/Z6P7uSg8+cE5+W,S,117672722,DELETE,"",204,9999,0,"",3957,90,0,0,Task,2021-05-20T00:45:47.676Z,005340000082z7eAAA,52.6.139.103,00T3n00006xyFOkEAM
RestApi,20210520004549.312,SLB:2f41931b73d61bb1965a8f8101a0d126,00D300000000FHi,005340000082z7e,412,206,/services/data/v20.0/sobjects/task/00T3n00006xyFhEEAU,lDyo0yKHGOiEK4Ki,V/Z6P7uSg8+cE5+W,S,118104954,DELETE,"",204,9999,0,"",3845,100,0,0,Task,2021-05-20T00:45:49.312Z,005340000082z7eAAA,52.6.139.103,00T3n00006xyFhEEAU
RestApi,20210520004550.570,SLB:4a690cfa1ca96727972ae8b12fdda786,00D300000000FHi,005340000082z7e,451,246,/services/data/v20.0/sobjects/task/00T3n00006xyDZPEA2,lDyo0yKHGOiEK4Ki,V/Z6P7uSg8+cE5+W,S,110661835,DELETE,"",204,9999,0,"",3837,100,0,0,Task,2021-05-20T00:45:50.570Z,005340000082z7eAAA,52.6.139.103,00T3n00006xyDZPEA2
RestApi,20210520004552.935,SLB:76bcc4826a848d29a4c2d7c2e44e719d,00D300000000FHi,005340000082z7e,392,209,/services/data/v20.0/sobjects/task/00T3n00006xyDjJEAU,lDyo0yKHGOiEK4Ki,V/Z6P7uSg8+cE5+W,S,102619512,DELETE,"",204,9999,0,"",3804,80,0,0,Task,2021-05-20T00:45:52.935Z,005340000082z7eAAA,52.6.139.103,00T3n00006xyDjJEAU
RestApi,20210520004554.624,SLB:e37c6775cbaa9ebb07ad8e047def56d7,00D300000000FHi,005340000082z7e,515,236,/services/data/v20.0/sobjects/task/00T3n00006xyFhnEAE,lDyo0yKHGOiEK4Ki,V/Z6P7uSg8+cE5+W,S,96419146,DELETE,"",204,9999,0,"",3841,80,0,0,Task,2021-05-20T00:45:54.624Z,005340000082z7eAAA,52.6.139.103,00T3n00006xyFhnEAE
RestApi,20210520004556.181,SLB:4a9b8baf4ed006cebaa84da83671da60,00D300000000FHi,005340000082z7e,355,178,/services/data/v20.0/sobjects/task/00T3n00006xyFMgEAM,lDyo0yKHGOiEK4Ki,V/Z6P7uSg8+cE5+W,S,105083630,DELETE,"",204,9999,0,"",4014,60,0,0,Task,2021-05-20T00:45:56.181Z,005340000082z7eAAA,52.6.139.103,00T3n00006xyFMgEAM
RestApi,20210520004557.772,SLB:9554f19bf5a8a69118e104018446fc1d,00D300000000FHi,005340000082z7e,166,72,/services/data/v20.0/sobjects/task/00T3n00006xyEnZEAU,lDyo0yKHGOiEK4Ki,V/Z6P7uSg8+cE5+W,S,92748309,DELETE,"",204,9999,0,"",3840,70,0,0,Task,2021-05-20T00:45:57.772Z,005340000082z7eAAA,52.6.139.103,00T3n00006xyEnZEAU
RestApi,20210520004559.837,SLB:33ec16bc57945c878720988c2e54ec10,00D300000000FHi,005340000082z7e,181,75,/services/data/v20.0/sobjects/task/00T3n00006xyPkhEAE,lDyo0yKHGOiEK4Ki,V/Z6P7uSg8+cE5+W,S,105770438,DELETE,"",204,9999,0,"",3842,80,0,0,Task,2021-05-20T00:45:59.837Z,005340000082z7eAAA,52.6.139.103,00T3n00006xyPkhEAE
RestApi,20210520004600.931,SLB:1ca2410bc46793a7a64e8dd4f1953054,00D300000000FHi,005340000082z7e,420,227,/services/data/v20.0/sobjects/task/00T3n00006xyPXkEAM,lDyo0yKHGOiEK4Ki,V/Z6P7uSg8+cE5+W,S,103377012,DELETE,"",204,9999,0,"",3803,100,0,0,Task,2021-05-20T00:46:00.931Z,005340000082z7eAAA,52.6.139.103,00T3n00006xyPXkEAM
RestApi,20210520123708.226,SLB:3e05b3380b08a8a15d7ac39dee27bc52,00D300000000FHi,005340000082z7e,292,105,/services/data/v20.0/sobjects/task/00T3n00006xx5qxEAA,cC0LgggS7mr7JFFh,IeaTKOHPIdI+ML8E,S,169889428,DELETE,"",204,9999,0,"",3840,100,0,0,Task,2021-05-20T12:37:08.226Z,005340000082z7eAAA,52.6.139.103,00T3n00006xx5qxEAA
RestApi,20210520123709.140,SLB:54208b40945cffd433fa667f5e4ad88f,00D300000000FHi,005340000082z7e,427,186,/services/data/v20.0/sobjects/task/00T3n00006xx5gaEAA,cC0LgggS7mr7JFFh,IeaTKOHPIdI+ML8E,S,168021783,DELETE,"",204,9999,0,"",3903,100,0,0,Task,2021-05-20T12:37:09.140Z,005340000082z7eAAA,52.6.139.103,00T3n00006xx5gaEAA
RestApi,20210520123709.843,SLB:e60e6b00eac99fbba4138c5c285af178,00D300000000FHi,005340000082z7e,394,220,/services/data/v20.0/sobjects/task/00T3n00006xx5u6EAA,cC0LgggS7mr7JFFh,IeaTKOHPIdI+ML8E,S,96356311,DELETE,"",204,9999,0,"",3834,60,0,0,Task,2021-05-20T12:37:09.843Z,005340000082z7eAAA,52.6.139.103,00T3n00006xx5u6EAA
RestApi,20210520123711.024,SLB:7b933d2972c88aacc29dc96026b86d09,00D300000000FHi,005340000082z7e,206,82,/services/data/v20.0/sobjects/task/00T3n00006xx5KtEAI,cC0LgggS7mr7JFFh,IeaTKOHPIdI+ML8E,S,121656740,DELETE,"",204,9999,0,"",3853,130,0,0,Task,2021-05-20T12:37:11.024Z,005340000082z7eAAA,52.6.139.103,00T3n00006xx5KtEAI
RestApi,20210520123712.048,SLB:ef23338389b41ba7e2f317b81bb6eaff,00D300000000FHi,005340000082z7e,468,212,/services/data/v20.0/sobjects/task/00T3n00006xx5txEAA,cC0LgggS7mr7JFFh,IeaTKOHPIdI+ML8E,S,119218931,DELETE,"",204,9999,0,"",3816,100,0,0,Task,2021-05-20T12:37:12.048Z,005340000082z7eAAA,52.6.139.103,00T3n00006xx5txEAA
RestApi,20210520123713.203,SLB:ac4efed2ce97407ea8faa87f57daade0,00D300000000FHi,005340000082z7e,386,207,/services/data/v20.0/sobjects/task/00T3n00006xx5QtEAI,cC0LgggS7mr7JFFh,IeaTKOHPIdI+ML8E,S,105633514,DELETE,"",204,9999,0,"",3867,90,0,0,Task,2021-05-20T12:37:13.203Z,005340000082z7eAAA,52.6.139.103,00T3n00006xx5QtEAI
RestApi,20210520123715.351,SLB:35783325b2f8b8593481464d67e40cf0,00D300000000FHi,005340000082z7e,295,140,/services/data/v20.0/sobjects/task/00T3n00006xx5v9EAA,cC0LgggS7mr7JFFh,IeaTKOHPIdI+ML8E,S,108427383,DELETE,"",204,9999,0,"",3876,90,0,0,Task,2021-05-20T12:37:15.351Z,005340000082z7eAAA,52.6.139.103,00T3n00006xx5v9EAA
RestApi,20210520123716.145,SLB:a8aedc7ca00db2703316378367b67e89,00D300000000FHi,005340000082z7e,204,112,/services/data/v20.0/sobjects/task/00T3n00006xx5pDEAQ,cC0LgggS7mr7JFFh,IeaTKOHPIdI+ML8E,S,90311470,DELETE,"",204,9999,0,"",3864,70,0,0,Task,2021-05-20T12:37:16.145Z,005340000082z7eAAA,52.6.139.103,00T3n00006xx5pDEAQ
RestApi,20210520123716.846,SLB:3cda5624d038b190475449824e08e8de,00D300000000FHi,005340000082z7e,400,218,/services/data/v20.0/sobjects/task/00T3n00006xx5UrEAI,cC0LgggS7mr7JFFh,IeaTKOHPIdI+ML8E,S,120491230,DELETE,"",204,9999,0,"",3850,90,0,0,Task,2021-05-20T12:37:16.846Z,005340000082z7eAAA,52.6.139.103,00T3n00006xx5UrEAI
RestApi,20210520123717.594,SLB:4a606ecfe8ef12d996347e8994966085,00D300000000FHi,005340000082z7e,373,191,/services/data/v20.0/sobjects/task/00T3n00006xx5ggEAA,cC0LgggS7mr7JFFh,IeaTKOHPIdI+ML8E,S,128433202,DELETE,"",204,9999,0,"",3876,90,0,0,Task,2021-05-20T12:37:17.594Z,005340000082z7eAAA,52.6.139.103,00T3n00006xx5ggEAA
RestApi,20210520123718.416,SLB:2400ba50ea9b798514d339ff5aa3b282,00D300000000FHi,005340000082z7e,287,148,/services/data/v20.0/sobjects/task/00T3n00006xx5yNEAQ,cC0LgggS7mr7JFFh,IeaTKOHPIdI+ML8E,S,102551260,DELETE,"",204,9999,0,"",3820,90,0,0,Task,2021-05-20T12:37:18.416Z,005340000082z7eAAA,52.6.139.103,00T3n00006xx5yNEAQ
RestApi,20210520123719.017,SLB:83b12ad5ad5cdc779839f48da025e3e7,00D300000000FHi,005340000082z7e,388,194,/services/data/v20.0/sobjects/task/00T3n00006xx5ySEAQ,cC0LgggS7mr7JFFh,IeaTKOHPIdI+ML8E,S,113408360,DELETE,"",204,9999,0,"",3845,100,0,0,Task,2021-05-20T12:37:19.017Z,005340000082z7eAAA,52.6.139.103,00T3n00006xx5ySEAQ
RestApi,20210520123719.763,SLB:9664dc5ba35af5faed30878a7e2523ea,00D300000000FHi,005340000082z7e,353,169,/services/data/v20.0/sobjects/task/00T3n00006xx9nMEAQ,cC0LgggS7mr7JFFh,IeaTKOHPIdI+ML8E,S,126644352,DELETE,"",204,9999,0,"",3854,100,0,0,Task,2021-05-20T12:37:19.763Z,005340000082z7eAAA,52.6.139.103,00T3n00006xx9nMEAQ
RestApi,20210520123720.098,SLB:244637e269c668d61dc71e6ce2c51ccb,00D300000000FHi,005340000082z7e,177,76,/services/data/v20.0/sobjects/task/00T3n00006xx9nREAQ,cC0LgggS7mr7JFFh,IeaTKOHPIdI+ML8E,S,101655709,DELETE,"",204,9999,0,"",3900,90,0,0,Task,2021-05-20T12:37:20.098Z,005340000082z7eAAA,52.6.139.103,00T3n00006xx9nREAQ
RestApi,20210520214305.129,SLB:0b3a20dd6793efd2a5bd65fff55f972e,00D300000000FHi,005340000082z7e,271,125,/services/data/v20.0/sobjects/task/00T3n00006yDvUeEAK,MO2eMYfelrlmH6Rq,Zd9O0iSJnd3T0EQy,S,122550071,DELETE,"",204,9999,0,"",3963,90,0,0,Task,2021-05-20T21:43:05.129Z,005340000082z7eAAA,52.6.139.103,00T3n00006yDvUeEAK
RestApi,20210520214306.371,SLB:7ed66ec2d610d39a08839ab820730ead,00D300000000FHi,005340000082z7e,400,212,/services/data/v20.0/sobjects/task/00T3n00006yDvpCEAS,MO2eMYfelrlmH6Rq,Zd9O0iSJnd3T0EQy,S,110858589,DELETE,"",204,9999,0,"",3983,90,0,0,Task,2021-05-20T21:43:06.371Z,005340000082z7eAAA,52.6.139.103,00T3n00006yDvpCEAS
RestApi,20210520214308.053,SLB:7f543e943312cbcdf3d1d03ba2f0bde9,00D300000000FHi,005340000082z7e,507,227,/services/data/v20.0/sobjects/task/00T3n00006yDvtmEAC,MO2eMYfelrlmH6Rq,Zd9O0iSJnd3T0EQy,S,126622872,DELETE,"",204,9999,0,"",4222,100,0,0,Task,2021-05-20T21:43:08.053Z,005340000082z7eAAA,52.6.139.103,00T3n00006yDvtmEAC
RestApi,20210520214308.559,SLB:77481d8fcca2997326b132b7189bd2cc,00D300000000FHi,005340000082z7e,219,105,/services/data/v20.0/sobjects/task/00T3n00006yDvsCEAS,MO2eMYfelrlmH6Rq,Zd9O0iSJnd3T0EQy,S,114922249,DELETE,"",204,9999,0,"",4016,90,0,0,Task,2021-05-20T21:43:08.559Z,005340000082z7eAAA,52.6.139.103,00T3n00006yDvsCEAS
RestApi,20210520214309.147,SLB:b74f61579a6dad073815aeabb82c3f08,00D300000000FHi,005340000082z7e,212,91,/services/data/v20.0/sobjects/task/00T3n00006yDvrbEAC,MO2eMYfelrlmH6Rq,Zd9O0iSJnd3T0EQy,S,117312235,DELETE,"",204,9999,0,"",3996,90,0,0,Task,2021-05-20T21:43:09.147Z,005340000082z7eAAA,52.6.139.103,00T3n00006yDvrbEAC
RestApi,20210520214310.240,SLB:686d3a0760fbf353d8a1735791799d8b,00D300000000FHi,005340000082z7e,403,207,/services/data/v20.0/sobjects/task/00T3n00006yDv6dEAC,MO2eMYfelrlmH6Rq,Zd9O0iSJnd3T0EQy,S,111016666,DELETE,"",204,9999,0,"",4012,80,0,0,Task,2021-05-20T21:43:10.240Z,005340000082z7eAAA,52.6.139.103,00T3n00006yDv6dEAC
RestApi,20210520214311.364,SLB:604eb7cb150d31d0f50b2e37b72f0518,00D300000000FHi,005340000082z7e,520,274,/services/data/v20.0/sobjects/task/00T3n00006yDvAXEA0,MO2eMYfelrlmH6Rq,Zd9O0iSJnd3T0EQy,S,138205807,DELETE,"",204,9999,0,"",3963,90,0,0,Task,2021-05-20T21:43:11.364Z,005340000082z7eAAA,52.6.139.103,00T3n00006yDvAXEA0
RestApi,20210520214312.544,SLB:8ac9fa4a84c65b10024ad3873c61f7c1,00D300000000FHi,005340000082z7e,294,129,/services/data/v20.0/sobjects/task/00T3n00006yDvXdEAK,MO2eMYfelrlmH6Rq,Zd9O0iSJnd3T0EQy,S,140376889,DELETE,"",204,9999,0,"",4034,100,0,0,Task,2021-05-20T21:43:12.544Z,005340000082z7eAAA,52.6.139.103,00T3n00006yDvXdEAK
RestApi,20210520214316.044,SLB:e39f3fc1928d7372b1c041f114c4125f,00D300000000FHi,005340000082z7e,205,82,/services/data/v20.0/sobjects/task/00T3n00006yDvoEEAS,MO2eMYfelrlmH6Rq,Zd9O0iSJnd3T0EQy,S,120357142,DELETE,"",204,9999,0,"",3977,110,0,0,Task,2021-05-20T21:43:16.044Z,005340000082z7eAAA,52.6.139.103,00T3n00006yDvoEEAS
RestApi,20210520214316.926,SLB:e2bd1190bda138b2010fe0b28698ab71,00D300000000FHi,005340000082z7e,400,196,/services/data/v20.0/sobjects/task/00T3n00006yDvqyEAC,MO2eMYfelrlmH6Rq,Zd9O0iSJnd3T0EQy,S,118221237,DELETE,"",204,9999,0,"",3988,90,0,0,Task,2021-05-20T21:43:16.926Z,005340000082z7eAAA,52.6.139.103,00T3n00006yDvqyEAC
RestApi,20210520214318.258,SLB:bb86775ada40087e9b131e88bca8983d,00D300000000FHi,005340000082z7e,230,102,/services/data/v20.0/sobjects/task/00T3n00006yDs3dEAC,MO2eMYfelrlmH6Rq,Zd9O0iSJnd3T0EQy,S,128355311,DELETE,"",204,9999,0,"",4008,100,0,0,Task,2021-05-20T21:43:18.258Z,005340000082z7eAAA,52.6.139.103,00T3n00006yDs3dEAC
RestApi,20210520214318.990,SLB:5a405af30617f67b80d4f4558e104caf,00D300000000FHi,005340000082z7e,357,177,/services/data/v20.0/sobjects/task/00T3n00006yDvtIEAS,MO2eMYfelrlmH6Rq,Zd9O0iSJnd3T0EQy,S,127027182,DELETE,"",204,9999,0,"",3951,100,0,0,Task,2021-05-20T21:43:18.990Z,005340000082z7eAAA,52.6.139.103,00T3n00006yDvtIEAS
RestApi,20210520214319.533,SLB:ad746aba88eb45affc7d926dd6ff34ce,00D300000000FHi,005340000082z7e,195,75,/services/data/v20.0/sobjects/task/00T3n00006yDvPAEA0,MO2eMYfelrlmH6Rq,Zd9O0iSJnd3T0EQy,S,119493259,DELETE,"",204,9999,0,"",3974,100,0,0,Task,2021-05-20T21:43:19.533Z,005340000082z7eAAA,52.6.139.103,00T3n00006yDvPAEA0
RestApi,20210520214319.989,SLB:a6baa98b3c329dd5fe5b3f87956d89cd,00D300000000FHi,005340000082z7e,249,112,/services/data/v20.0/sobjects/task/00T3n00006yDvBvEAK,MO2eMYfelrlmH6Rq,Zd9O0iSJnd3T0EQy,S,114017627,DELETE,"",204,9999,0,"",3958,100,0,0,Task,2021-05-20T21:43:19.989Z,005340000082z7eAAA,52.6.139.103,00T3n00006yDvBvEAK
RestApi,20210520214320.709,SLB:c005c48024886580437c018753f61307,00D300000000FHi,005340000082z7e,271,125,/services/data/v20.0/sobjects/task/00T3n00006yDuKKEA0,MO2eMYfelrlmH6Rq,Zd9O0iSJnd3T0EQy,S,123455805,DELETE,"",204,9999,0,"",4044,110,0,0,Task,2021-05-20T21:43:20.709Z,005340000082z7eAAA,52.6.139.103,00T3n00006yDuKKEA0
RestApi,20210520214321.626,SLB:e3733191c54252d8ab59c9f2b7023375,00D300000000FHi,005340000082z7e,308,145,/services/data/v20.0/sobjects/task/00T3n00006yDvpJEAS,MO2eMYfelrlmH6Rq,Zd9O0iSJnd3T0EQy,S,137502460,DELETE,"",204,9999,0,"",4040,100,0,0,Task,2021-05-20T21:43:21.626Z,005340000082z7eAAA,52.6.139.103,00T3n00006yDvpJEAS
RestApi,20210520214322.199,SLB:d05db5b2a1a516f323c30f301ce2e6a8,00D300000000FHi,005340000082z7e,261,132,/services/data/v20.0/sobjects/task/00T3n00006yDvpKEAS,MO2eMYfelrlmH6Rq,Zd9O0iSJnd3T0EQy,S,111567155,DELETE,"",204,9999,0,"",3959,100,0,0,Task,2021-05-20T21:43:22.199Z,005340000082z7eAAA,52.6.139.103,00T3n00006yDvpKEAS
RestApi,20210520214322.936,SLB:c228dec5f97f52b6fa8e97ed6a56f325,00D300000000FHi,005340000082z7e,202,81,/services/data/v20.0/sobjects/task/00T3n00006yDvvTEAS,MO2eMYfelrlmH6Rq,Zd9O0iSJnd3T0EQy,S,115886830,DELETE,"",204,9999,0,"",3960,80,0,0,Task,2021-05-20T21:43:22.936Z,005340000082z7eAAA,52.6.139.103,00T3n00006yDvvTEAS
RestApi,20210520214323.463,SLB:5bb960561c3710c4497ce6d62aa736af,00D300000000FHi,005340000082z7e,227,112,/services/data/v20.0/sobjects/task/00T3n00006yDvwvEAC,MO2eMYfelrlmH6Rq,Zd9O0iSJnd3T0EQy,S,114326746,DELETE,"",204,9999,0,"",3952,100,0,0,Task,2021-05-20T21:43:23.463Z,005340000082z7eAAA,52.6.139.103,00T3n00006yDvwvEAC
RestApi,20210520214324.115,SLB:10a3db404d2f15542ba25d35979975ca,00D300000000FHi,005340000082z7e,478,256,/services/data/v20.0/sobjects/task/00T3n00006yDw0xEAC,MO2eMYfelrlmH6Rq,Zd9O0iSJnd3T0EQy,S,129650146,DELETE,"",204,9999,0,"",3999,100,0,0,Task,2021-05-20T21:43:24.115Z,005340000082z7eAAA,52.6.139.103,00T3n00006yDw0xEAC
RestApi,20210520214327.665,SLB:3657101ecea9f4a0feefd2f6535fbf97,00D300000000FHi,005340000082z7e,541,234,/services/data/v20.0/sobjects/task/00T3n00006yDyQhEAK,MO2eMYfelrlmH6Rq,Zd9O0iSJnd3T0EQy,S,112259209,DELETE,"",204,9999,0,"",4022,90,0,0,Task,2021-05-20T21:43:27.665Z,005340000082z7eAAA,52.6.139.103,00T3n00006yDyQhEAK
RestApi,20210520214329.016,SLB:1a95c4214448c8717d66feea8ed78209,00D300000000FHi,005340000082z7e,487,227,/services/data/v20.0/sobjects/task/00T3n00006yEKTuEAO,MO2eMYfelrlmH6Rq,Zd9O0iSJnd3T0EQy,S,105785575,DELETE,"",204,9999,0,"",4028,80,0,0,Task,2021-05-20T21:43:29.016Z,005340000082z7eAAA,52.6.139.103,00T3n00006yEKTuEAO
RestApi,20210520214329.930,SLB:f7159233f6437318f61fc54b07d971b9,00D300000000FHi,005340000082z7e,386,203,/services/data/v20.0/sobjects/task/00T3n00006yEQLnEAO,MO2eMYfelrlmH6Rq,Zd9O0iSJnd3T0EQy,S,115818508,DELETE,"",204,9999,0,"",3950,100,0,0,Task,2021-05-20T21:43:29.930Z,005340000082z7eAAA,52.6.139.103,00T3n00006yEQLnEAO
RestApi,20210520214403.596,SLB:b728f1289233d43cecf2f78ec18a260b,00D300000000FHi,005340000082z7e,312,118,/services/data/v20.0/sobjects/task/00T3n00006xvodgEAA,MO2eMYfelrlmH6Rq,Zd9O0iSJnd3T0EQy,S,166545915,DELETE,"",204,9999,0,"",4024,130,0,0,Task,2021-05-20T21:44:03.596Z,005340000082z7eAAA,52.6.139.103,00T3n00006xvodgEAA
RestApi,20210520214405.834,SLB:10973efff10c255141bc0271d536be8b,00D300000000FHi,005340000082z7e,202,80,/services/data/v20.0/sobjects/task/00T3n00006xvox2EAA,MO2eMYfelrlmH6Rq,Zd9O0iSJnd3T0EQy,S,119803859,DELETE,"",204,9999,0,"",3844,100,0,0,Task,2021-05-20T21:44:05.834Z,005340000082z7eAAA,52.6.139.103,00T3n00006xvox2EAA
RestApi,20210520214408.052,SLB:2bcbce7a83ad2ad3fc602a6e1066964d,00D300000000FHi,005340000082z7e,330,86,/services/data/v20.0/sobjects/task/00T3n00006xvpAXEAY,MO2eMYfelrlmH6Rq,Zd9O0iSJnd3T0EQy,S,122093123,DELETE,"",204,9999,0,"",3987,100,0,0,Task,2021-05-20T21:44:08.052Z,005340000082z7eAAA,52.6.139.103,00T3n00006xvpAXEAY
RestApi,20210520214408.578,SLB:7fbc42c8ece070dae3ed71e3bacbde42,00D300000000FHi,005340000082z7e,352,177,/services/data/v20.0/sobjects/task/00T3n00006xvoqlEAA,MO2eMYfelrlmH6Rq,Zd9O0iSJnd3T0EQy,S,109132416,DELETE,"",204,9999,0,"",3947,80,0,0,Task,2021-05-20T21:44:08.578Z,005340000082z7eAAA,52.6.139.103,00T3n00006xvoqlEAA
RestApi,20210520214409.134,SLB:6416f7dcec876afd920927d274d49c8c,00D300000000FHi,005340000082z7e,206,94,/services/data/v20.0/sobjects/task/00T3n00006xvpcDEAQ,MO2eMYfelrlmH6Rq,Zd9O0iSJnd3T0EQy,S,113457382,DELETE,"",204,9999,0,"",3888,100,0,0,Task,2021-05-20T21:44:09.134Z,005340000082z7eAAA,52.6.139.103,00T3n00006xvpcDEAQ
RestApi,20210520214409.904,SLB:89856e46b5787a58d0b70de0d61fc30b,00D300000000FHi,005340000082z7e,184,82,/services/data/v20.0/sobjects/task/00T3n00006xvpgTEAQ,MO2eMYfelrlmH6Rq,Zd9O0iSJnd3T0EQy,S,101385867,DELETE,"",204,9999,0,"",3799,60,0,0,Task,2021-05-20T21:44:09.904Z,005340000082z7eAAA,52.6.139.103,00T3n00006xvpgTEAQ
RestApi,20210520214410.257,SLB:088ab6699f5d2b51dedd3aa17838fdc9,00D300000000FHi,005340000082z7e,216,88,/services/data/v20.0/sobjects/task/00T3n00006xvpjlEAA,MO2eMYfelrlmH6Rq,Zd9O0iSJnd3T0EQy,S,109876472,DELETE,"",204,9999,0,"",3992,100,0,0,Task,2021-05-20T21:44:10.257Z,005340000082z7eAAA,52.6.139.103,00T3n00006xvpjlEAA
RestApi,20210520214410.725,SLB:63712aba1ec646f1465da4108ea9fe10,00D300000000FHi,005340000082z7e,391,190,/services/data/v20.0/sobjects/task/00T3n00006xvpv6EAA,MO2eMYfelrlmH6Rq,Zd9O0iSJnd3T0EQy,S,126238790,DELETE,"",204,9999,0,"",3849,100,0,0,Task,2021-05-20T21:44:10.725Z,005340000082z7eAAA,52.6.139.103,00T3n00006xvpv6EAA
RestApi,20210520214411.030,SLB:c2d74d69c3b9cbea36637af4ef44eab3,00D300000000FHi,005340000082z7e,211,84,/services/data/v20.0/sobjects/task/00T3n00006xvplAEAQ,MO2eMYfelrlmH6Rq,Zd9O0iSJnd3T0EQy,S,127719376,DELETE,"",204,9999,0,"",3864,110,0,0,Task,2021-05-20T21:44:11.030Z,005340000082z7eAAA,52.6.139.103,00T3n00006xvplAEAQ
RestApi,20210520214411.342,SLB:f63a1138cfb372d03dca56724b3eba46,00D300000000FHi,005340000082z7e,202,88,/services/data/v20.0/sobjects/task/00T3n00006xvpwYEAQ,MO2eMYfelrlmH6Rq,Zd9O0iSJnd3T0EQy,S,112842230,DELETE,"",204,9999,0,"",3982,90,0,0,Task,2021-05-20T21:44:11.342Z,005340000082z7eAAA,52.6.139.103,00T3n00006xvpwYEAQ
RestApi,20210520214411.817,SLB:98cd89c31fac7abba110172394fe478b,00D300000000FHi,005340000082z7e,206,81,/services/data/v20.0/sobjects/task/00T3n00006xvpYJEAY,MO2eMYfelrlmH6Rq,Zd9O0iSJnd3T0EQy,S,124254366,DELETE,"",204,9999,0,"",3857,100,0,0,Task,2021-05-20T21:44:11.817Z,005340000082z7eAAA,52.6.139.103,00T3n00006xvpYJEAY
RestApi,20210520214412.341,SLB:5f29b2e07925ac06479f87bec8d6e324,00D300000000FHi,005340000082z7e,217,97,/services/data/v20.0/sobjects/task/00T3n00006xvpx7EAA,MO2eMYfelrlmH6Rq,Zd9O0iSJnd3T0EQy,S,120599428,DELETE,"",204,9999,0,"",3839,100,0,0,Task,2021-05-20T21:44:12.341Z,005340000082z7eAAA,52.6.139.103,00T3n00006xvpx7EAA
RestApi,20210520214412.942,SLB:5d530b83b6c993630f2d0265aeb68df5,00D300000000FHi,005340000082z7e,213,99,/services/data/v20.0/sobjects/task/00T3n00006xvpgUEAQ,MO2eMYfelrlmH6Rq,Zd9O0iSJnd3T0EQy,S,110862023,DELETE,"",204,9999,0,"",3994,80,0,0,Task,2021-05-20T21:44:12.942Z,005340000082z7eAAA,52.6.139.103,00T3n00006xvpgUEAQ
RestApi,20210520214413.640,SLB:36d420e988f16b3f1169c92c58f62251,00D300000000FHi,005340000082z7e,218,94,/services/data/v20.0/sobjects/task/00T3n00006xvpqDEAQ,MO2eMYfelrlmH6Rq,Zd9O0iSJnd3T0EQy,S,125325395,DELETE,"",204,9999,0,"",3799,100,0,0,Task,2021-05-20T21:44:13.640Z,005340000082z7eAAA,52.6.139.103,00T3n00006xvpqDEAQ
RestApi,20210520214414.309,SLB:9735d03d3289f89f8c4024db78402a65,00D300000000FHi,005340000082z7e,182,74,/services/data/v20.0/sobjects/task/00T3n00006xvpheEAA,MO2eMYfelrlmH6Rq,Zd9O0iSJnd3T0EQy,S,107143925,DELETE,"",204,9999,0,"",3851,90,0,0,Task,2021-05-20T21:44:14.309Z,005340000082z7eAAA,52.6.139.103,00T3n00006xvpheEAA
RestApi,20210520214417.438,SLB:7a6138b6aab2f188fe4b53b92225a709,00D300000000FHi,005340000082z7e,209,85,/services/data/v20.0/sobjects/task/00T3n00006xvpSSEAY,MO2eMYfelrlmH6Rq,Zd9O0iSJnd3T0EQy,S,123297881,DELETE,"",204,9999,0,"",4029,90,0,0,Task,2021-05-20T21:44:17.438Z,005340000082z7eAAA,52.6.139.103,00T3n00006xvpSSEAY
RestApi,20210520214418.724,SLB:8b312001dd129a0693045994622f3910,00D300000000FHi,005340000082z7e,201,88,/services/data/v20.0/sobjects/task/00T3n00006xvpkGEAQ,MO2eMYfelrlmH6Rq,Zd9O0iSJnd3T0EQy,S,115732638,DELETE,"",204,9999,0,"",3865,90,0,0,Task,2021-05-20T21:44:18.724Z,005340000082z7eAAA,52.6.139.103,00T3n00006xvpkGEAQ
RestApi,20210520214419.396,SLB:397a202cc367a60974a4b36edaa9236e,00D300000000FHi,005340000082z7e,178,75,/services/data/v20.0/sobjects/task/00T3n00006xvq0bEAA,MO2eMYfelrlmH6Rq,Zd9O0iSJnd3T0EQy,S,102939247,DELETE,"",204,9999,0,"",3907,90,0,0,Task,2021-05-20T21:44:19.396Z,005340000082z7eAAA,52.6.139.103,00T3n00006xvq0bEAA
RestApi,20210520214420.133,SLB:7b1759157615e1ec8d3722ae340258fc,00D300000000FHi,005340000082z7e,201,88,/services/data/v20.0/sobjects/task/00T3n00006xvrUMEAY,MO2eMYfelrlmH6Rq,Zd9O0iSJnd3T0EQy,S,110877981,DELETE,"",204,9999,0,"",3985,90,0,0,Task,2021-05-20T21:44:20.133Z,005340000082z7eAAA,52.6.139.103,00T3n00006xvrUMEAY
RestApi,20210520214420.629,SLB:5d2f1b79e23c49e8160dfa2da63d3381,00D300000000FHi,005340000082z7e,203,93,/services/data/v20.0/sobjects/task/00T3n00006xvsUTEAY,MO2eMYfelrlmH6Rq,Zd9O0iSJnd3T0EQy,S,108893028,DELETE,"",204,9999,0,"",3979,90,0,0,Task,2021-05-20T21:44:20.629Z,005340000082z7eAAA,52.6.139.103,00T3n00006xvsUTEAY
RestApi,20210520214421.358,SLB:e2678daab92c88378d4dd8762a86bfb2,00D300000000FHi,005340000082z7e,340,96,/services/data/v20.0/sobjects/task/00T3n00006xvs2VEAQ,MO2eMYfelrlmH6Rq,Zd9O0iSJnd3T0EQy,S,96304429,DELETE,"",204,9999,0,"",3850,80,0,0,Task,2021-05-20T21:44:21.358Z,005340000082z7eAAA,52.6.139.103,00T3n00006xvs2VEAQ
RestApi,20210520214421.715,SLB:76b68f07e9d972e5c81bff4a48c2e8b7,00D300000000FHi,005340000082z7e,184,76,/services/data/v20.0/sobjects/task/00T3n00006xvsXgEAI,MO2eMYfelrlmH6Rq,Zd9O0iSJnd3T0EQy,S,107641123,DELETE,"",204,9999,0,"",4000,100,0,0,Task,2021-05-20T21:44:21.715Z,005340000082z7eAAA,52.6.139.103,00T3n00006xvsXgEAI
RestApi,20210520214422.306,SLB:f3f907fec586a29d119faf286dabcdb2,00D300000000FHi,005340000082z7e,202,85,/services/data/v20.0/sobjects/task/00T3n00006xvsRjEAI,MO2eMYfelrlmH6Rq,Zd9O0iSJnd3T0EQy,S,115828974,DELETE,"",204,9999,0,"",3796,90,0,0,Task,2021-05-20T21:44:22.306Z,005340000082z7eAAA,52.6.139.103,00T3n00006xvsRjEAI
RestApi,20210520214422.946,SLB:a3223df9e0f962b94b4e4903f611a37a,00D300000000FHi,005340000082z7e,205,89,/services/data/v20.0/sobjects/task/00T3n00006xvsk4EAA,MO2eMYfelrlmH6Rq,Zd9O0iSJnd3T0EQy,S,115158917,DELETE,"",204,9999,0,"",3904,90,0,0,Task,2021-05-20T21:44:22.946Z,005340000082z7eAAA,52.6.139.103,00T3n00006xvsk4EAA
RestApi,20210520214423.598,SLB:5ed1f7e4d0d5a8e8fda6b66757ad045f,00D300000000FHi,005340000082z7e,243,89,/services/data/v20.0/sobjects/task/00T3n00006xvsYBEAY,MO2eMYfelrlmH6Rq,Zd9O0iSJnd3T0EQy,S,149869368,DELETE,"",204,9999,0,"",3970,100,0,0,Task,2021-05-20T21:44:23.598Z,005340000082z7eAAA,52.6.139.103,00T3n00006xvsYBEAY
RestApi,20210520214424.182,SLB:3a62325a7bfa083f4643091e11062639,00D300000000FHi,005340000082z7e,222,109,/services/data/v20.0/sobjects/task/00T3n00006xvskJEAQ,MO2eMYfelrlmH6Rq,Zd9O0iSJnd3T0EQy,S,114812073,DELETE,"",204,9999,0,"",3809,90,0,0,Task,2021-05-20T21:44:24.182Z,005340000082z7eAAA,52.6.139.103,00T3n00006xvskJEAQ
RestApi,20210520214425.257,SLB:5fedc5c01c7fa19ed98af2c3042b9e48,00D300000000FHi,005340000082z7e,201,88,/services/data/v20.0/sobjects/task/00T3n00006xvsidEAA,MO2eMYfelrlmH6Rq,Zd9O0iSJnd3T0EQy,S,109639342,DELETE,"",204,9999,0,"",3852,80,0,0,Task,2021-05-20T21:44:25.257Z,005340000082z7eAAA,52.6.139.103,00T3n00006xvsidEAA
RestApi,20210520214428.663,SLB:2edf85a71d6d8d0888670856417449ef,00D300000000FHi,005340000082z7e,387,203,/services/data/v20.0/sobjects/task/00T3n00006xvsi9EAA,MO2eMYfelrlmH6Rq,Zd9O0iSJnd3T0EQy,S,110091822,DELETE,"",204,9999,0,"",3991,100,0,0,Task,2021-05-20T21:44:28.663Z,005340000082z7eAAA,52.6.139.103,00T3n00006xvsi9EAA
RestApi,20210520214429.746,SLB:00e33f7a4cef95f2fc6e2839ecd0463a,00D300000000FHi,005340000082z7e,205,79,/services/data/v20.0/sobjects/task/00T3n00006xvsCNEAY,MO2eMYfelrlmH6Rq,Zd9O0iSJnd3T0EQy,S,128379879,DELETE,"",204,9999,0,"",3988,120,0,0,Task,2021-05-20T21:44:29.746Z,005340000082z7eAAA,52.6.139.103,00T3n00006xvsCNEAY
RestApi,20210520214431.115,SLB:0526960533676b0dcfa27769c26b2c7d,00D300000000FHi,005340000082z7e,311,114,/services/data/v20.0/sobjects/task/00T3n00006xvsp9EAA,MO2eMYfelrlmH6Rq,Zd9O0iSJnd3T0EQy,S,173174952,DELETE,"",204,9999,0,"",3865,100,0,0,Task,2021-05-20T21:44:31.115Z,005340000082z7eAAA,52.6.139.103,00T3n00006xvsp9EAA
RestApi,20210520214432.158,SLB:46b345b2c14572992dccfcbdd42cb0ea,00D300000000FHi,005340000082z7e,202,85,/services/data/v20.0/sobjects/task/00T3n00006xvshuEAA,MO2eMYfelrlmH6Rq,Zd9O0iSJnd3T0EQy,S,103888335,DELETE,"",204,9999,0,"",4005,70,0,0,Task,2021-05-20T21:44:32.158Z,005340000082z7eAAA,52.6.139.103,00T3n00006xvshuEAA
RestApi,20210520214432.737,SLB:19d4e3634caf282870d7e8bc781fae81,00D300000000FHi,005340000082z7e,195,88,/services/data/v20.0/sobjects/task/00T3n00006xvsgOEAQ,MO2eMYfelrlmH6Rq,Zd9O0iSJnd3T0EQy,S,108632743,DELETE,"",204,9999,0,"",3810,70,0,0,Task,2021-05-20T21:44:32.737Z,005340000082z7eAAA,52.6.139.103,00T3n00006xvsgOEAQ
RestApi,20210520214433.435,SLB:2a4492c0097ac16d30dbcb5db5d6b00f,00D300000000FHi,005340000082z7e,189,91,/services/data/v20.0/sobjects/task/00T3n00006xvsqWEAQ,MO2eMYfelrlmH6Rq,Zd9O0iSJnd3T0EQy,S,95924029,DELETE,"",204,9999,0,"",3839,80,0,0,Task,2021-05-20T21:44:33.435Z,005340000082z7eAAA,52.6.139.103,00T3n00006xvsqWEAQ
RestApi,20210520215327.100,SLB:ab48d0e6ca4ca89611b3c205c0d6e732,00D300000000FHi,005340000082z7e,314,150,/services/data/v20.0/sobjects/task/00T3n00006yEWMIEA4,MO2eMYfelrlmH6Rq,Zd9O0iSJnd3T0EQy,S,124419225,DELETE,"",204,9999,0,"",5672,100,0,0,Task,2021-05-20T21:53:27.100Z,005340000082z7eAAA,52.6.139.103,00T3n00006yEWMIEA4
RestApi,20210520215329.071,SLB:06c26e7bca58cebb596d21a1e3b98a7a,00D300000000FHi,005340000082z7e,239,107,/services/data/v20.0/sobjects/task/00T3n00006yEWjZEAW,MO2eMYfelrlmH6Rq,Zd9O0iSJnd3T0EQy,S,116380170,DELETE,"",204,9999,0,"",3982,100,0,0,Task,2021-05-20T21:53:29.071Z,005340000082z7eAAA,52.6.139.103,00T3n00006yEWjZEAW
RestApi,20210520215330.043,SLB:d0744e1f817e9355a4fa201fd7156d8b,00D300000000FHi,005340000082z7e,411,214,/services/data/v20.0/sobjects/task/00T3n00006yEWLBEA4,MO2eMYfelrlmH6Rq,Zd9O0iSJnd3T0EQy,S,126065936,DELETE,"",204,9999,0,"",3966,90,0,0,Task,2021-05-20T21:53:30.043Z,005340000082z7eAAA,52.6.139.103,00T3n00006yEWLBEA4
RestApi,20210520215330.693,SLB:a61ea37a11cc32dc0eda6a9bf8083812,00D300000000FHi,005340000082z7e,343,180,/services/data/v20.0/sobjects/task/00T3n00006yEXD1EAO,MO2eMYfelrlmH6Rq,Zd9O0iSJnd3T0EQy,S,114217108,DELETE,"",204,9999,0,"",4204,100,0,0,Task,2021-05-20T21:53:30.693Z,005340000082z7eAAA,52.6.139.103,00T3n00006yEXD1EAO
RestApi,20210520215331.118,SLB:5132349dcfec4a7dcde16033e64d9c96,00D300000000FHi,005340000082z7e,233,95,/services/data/v20.0/sobjects/task/00T3n00006yEXEcEAO,MO2eMYfelrlmH6Rq,Zd9O0iSJnd3T0EQy,S,130226910,DELETE,"",204,9999,0,"",4036,80,0,0,Task,2021-05-20T21:53:31.118Z,005340000082z7eAAA,52.6.139.103,00T3n00006yEXEcEAO
RestApi,20210520215332.555,SLB:beef748c53842d1d35498d7c62eb17ad,00D300000000FHi,005340000082z7e,221,91,/services/data/v20.0/sobjects/task/00T3n00006yEVsPEAW,MO2eMYfelrlmH6Rq,Zd9O0iSJnd3T0EQy,S,122886577,DELETE,"",204,9999,0,"",4030,100,0,0,Task,2021-05-20T21:53:32.555Z,005340000082z7eAAA,52.6.139.103,00T3n00006yEVsPEAW
RestApi,20210520215333.328,SLB:346773ea4b6bdbe1ba0d311d0a1ed39a,00D300000000FHi,005340000082z7e,596,257,/services/data/v20.0/sobjects/task/00T3n00006yEXL4EAO,MO2eMYfelrlmH6Rq,Zd9O0iSJnd3T0EQy,S,126895807,DELETE,"",204,9999,0,"",3984,110,0,0,Task,2021-05-20T21:53:33.328Z,005340000082z7eAAA,52.6.139.103,00T3n00006yEXL4EAO
RestApi,20210520215334.335,SLB:4450799f0facf9d6dcdc8c6d5f8113ff,00D300000000FHi,005340000082z7e,212,90,/services/data/v20.0/sobjects/task/00T3n00006yEXLEEA4,MO2eMYfelrlmH6Rq,Zd9O0iSJnd3T0EQy,S,122499765,DELETE,"",204,9999,0,"",3961,100,0,0,Task,2021-05-20T21:53:34.335Z,005340000082z7eAAA,52.6.139.103,00T3n00006yEXLEEA4
RestApi,20210524140702.480,SLB:4d46417abd02add9a436a88e7d6a5fda,00D300000000FHi,005340000082z7e,425,166,/services/data/v20.0/sobjects/task/00T3n00006ySFt5EAG,Iz3OYngulFyOuDGe,Wj/fpY09f5j0t3rE,S,207224251,DELETE,"",204,9999,0,"",4015,140,0,0,Task,2021-05-24T14:07:02.480Z,005340000082z7eAAA,3.217.13.88,00T3n00006ySFt5EAG
RestApi,20210524140706.818,SLB:ed3dd15940f920d4d87f4f8947108813,00D300000000FHi,005340000082z7e,545,261,/services/data/v20.0/sobjects/task/00T3n00006ySFCTEA4,Iz3OYngulFyOuDGe,Wj/fpY09f5j0t3rE,S,126815439,DELETE,"",204,9999,0,"",4080,80,0,0,Task,2021-05-24T14:07:06.818Z,005340000082z7eAAA,3.217.13.88,00T3n00006ySFCTEA4
RestApi,20210524140708.433,SLB:51a2b8fbe637c932a31b0bafe05cc320,00D300000000FHi,005340000082z7e,593,285,/services/data/v20.0/sobjects/task/00T3n00006ySG1oEAG,Iz3OYngulFyOuDGe,Wj/fpY09f5j0t3rE,S,117767875,DELETE,"",204,9999,0,"",4099,100,0,0,Task,2021-05-24T14:07:08.433Z,005340000082z7eAAA,3.217.13.88,00T3n00006ySG1oEAG
RestApi,20210524140709.215,SLB:3de7a58a36bde61ca47d4506918660e1,00D300000000FHi,005340000082z7e,382,186,/services/data/v20.0/sobjects/task/00T3n00006ySG23EAG,Iz3OYngulFyOuDGe,Wj/fpY09f5j0t3rE,S,130103637,DELETE,"",204,9999,0,"",3983,120,0,0,Task,2021-05-24T14:07:09.215Z,005340000082z7eAAA,3.217.13.88,00T3n00006ySG23EAG
RestApi,20210524140709.787,SLB:bb4c92bc9c0b44813fc53e0766b1ca07,00D300000000FHi,005340000082z7e,360,188,/services/data/v20.0/sobjects/task/00T3n00006ySFkdEAG,Iz3OYngulFyOuDGe,Wj/fpY09f5j0t3rE,S,108017936,DELETE,"",204,9999,0,"",3976,90,0,0,Task,2021-05-24T14:07:09.787Z,005340000082z7eAAA,3.217.13.88,00T3n00006ySFkdEAG
RestApi,20210524140710.262,SLB:1fdc019d6d82fcbb59603fa5680702e8,00D300000000FHi,005340000082z7e,228,87,/services/data/v20.0/sobjects/task/00T3n00006ySFl9EAG,Iz3OYngulFyOuDGe,Wj/fpY09f5j0t3rE,S,125401847,DELETE,"",204,9999,0,"",4047,110,0,0,Task,2021-05-24T14:07:10.262Z,005340000082z7eAAA,3.217.13.88,00T3n00006ySFl9EAG
RestApi,20210524140710.893,SLB:2579b1b68bf7e745eb591596d0729be2,00D300000000FHi,005340000082z7e,364,187,/services/data/v20.0/sobjects/task/00T3n00006ySG4iEAG,Iz3OYngulFyOuDGe,Wj/fpY09f5j0t3rE,S,112297396,DELETE,"",204,9999,0,"",3961,100,0,0,Task,2021-05-24T14:07:10.893Z,005340000082z7eAAA,3.217.13.88,00T3n00006ySG4iEAG
RestApi,20210524140711.656,SLB:776931eb922e99b7e86931017c4a742d,00D300000000FHi,005340000082z7e,403,204,/services/data/v20.0/sobjects/task/00T3n00006ySG4sEAG,Iz3OYngulFyOuDGe,Wj/fpY09f5j0t3rE,S,126016827,DELETE,"",204,9999,0,"",4019,120,0,0,Task,2021-05-24T14:07:11.656Z,005340000082z7eAAA,3.217.13.88,00T3n00006ySG4sEAG
RestApi,20210524140712.885,SLB:201461f6572e14f9ed959aadca3e14bc,00D300000000FHi,005340000082z7e,420,210,/services/data/v20.0/sobjects/task/00T3n00006ySImOEAW,Iz3OYngulFyOuDGe,Wj/fpY09f5j0t3rE,S,128998226,DELETE,"",204,9999,0,"",3984,90,0,0,Task,2021-05-24T14:07:12.885Z,005340000082z7eAAA,3.217.13.88,00T3n00006ySImOEAW
RestApi,20210517140735.816,SLB:7ab2858a2aac4674622ffdaa3895f40d,00D300000000FHi,0052T00000CDhKm,458,210,/services/data/v20.0/sobjects/task/00T3n00006xyAJxEAM,+KEj1lhmugElYntm,Vx3KZAiQwV0F8X3C,S,162610016,DELETE,"",204,9999,0,"",3993,120,0,0,Task,2021-05-17T14:07:35.816Z,0052T00000CDhKmQAL,3.219.189.86,00T3n00006xyAJxEAM
RestApi,20210517153420.563,SLB:e480944d7121a653cee20c6b3b8e82b5,00D300000000FHi,0053n000007GRwW,479,210,/services/data/v20.0/sobjects/task/00T3n00006x9xejEAA,/0ix6qEpMH6ap7Hi,dc6VGUO/soDuTN1l,S,173117156,DELETE,"",204,9999,0,"",3648,110,0,0,Task,2021-05-17T15:34:20.563Z,0053n000007GRwWAAW,3.219.189.86,00T3n00006x9xejEAA
RestApi,20210517153422.144,SLB:756e100399f393040b5c18b3eacb9e05,00D300000000FHi,0053n000007GRwW,410,196,/services/data/v20.0/sobjects/task/00T3n00006x9xKbEAI,/0ix6qEpMH6ap7Hi,dc6VGUO/soDuTN1l,S,142471975,DELETE,"",204,9999,0,"",3728,110,0,0,Task,2021-05-17T15:34:22.144Z,0053n000007GRwWAAW,3.219.189.86,00T3n00006x9xKbEAI
RestApi,20210517153423.717,SLB:acbdc1b3a8f639e697092cbebb9839f0,00D300000000FHi,0053n000007GRwW,365,180,/services/data/v20.0/sobjects/task/00T3n00006x9xc4EAA,/0ix6qEpMH6ap7Hi,dc6VGUO/soDuTN1l,S,133196603,DELETE,"",204,9999,0,"",3640,120,0,0,Task,2021-05-17T15:34:23.717Z,0053n000007GRwWAAW,3.219.189.86,00T3n00006x9xc4EAA
RestApi,20210517153426.816,SLB:378010c71809bdb1e3cf01b65e375b89,00D300000000FHi,0053n000007GRwW,371,168,/services/data/v20.0/sobjects/task/00T3n00006x9ti6EAA,/0ix6qEpMH6ap7Hi,dc6VGUO/soDuTN1l,S,155451886,DELETE,"",204,9999,0,"",3787,110,0,0,Task,2021-05-17T15:34:26.816Z,0053n000007GRwWAAW,3.219.189.86,00T3n00006x9ti6EAA
RestApi,20210517153429.447,SLB:74f90e8242d967b493a3bbf043735255,00D300000000FHi,0053n000007GRwW,401,212,/services/data/v20.0/sobjects/task/00T3n00006x9xhqEAA,/0ix6qEpMH6ap7Hi,dc6VGUO/soDuTN1l,S,125744851,DELETE,"",204,9999,0,"",3711,100,0,0,Task,2021-05-17T15:34:29.447Z,0053n000007GRwWAAW,3.219.189.86,00T3n00006x9xhqEAA
RestApi,20210517153430.294,SLB:ee8ad239d871b4907f28d5ba48547f10,00D300000000FHi,0053n000007GRwW,391,211,/services/data/v20.0/sobjects/task/00T3n00006x9xi6EAA,/0ix6qEpMH6ap7Hi,dc6VGUO/soDuTN1l,S,134053458,DELETE,"",204,9999,0,"",3699,100,0,0,Task,2021-05-17T15:34:30.294Z,0053n000007GRwWAAW,3.219.189.86,00T3n00006x9xi6EAA
RestApi,20210517153432.295,SLB:4ebe18fe31475ddfd42ee9d6880519bb,00D300000000FHi,0053n000007GRwW,445,191,/services/data/v20.0/sobjects/task/00T3n00006x9xitEAA,/0ix6qEpMH6ap7Hi,dc6VGUO/soDuTN1l,S,176914912,DELETE,"",204,9999,0,"",3681,130,0,0,Task,2021-05-17T15:34:32.295Z,0053n000007GRwWAAW,3.219.189.86,00T3n00006x9xitEAA
RestApi,20210517153433.244,SLB:828b1a43641670029e741930aabf736d,00D300000000FHi,0053n000007GRwW,384,187,/services/data/v20.0/sobjects/task/00T3n00006x9xjcEAA,/0ix6qEpMH6ap7Hi,dc6VGUO/soDuTN1l,S,132875783,DELETE,"",204,9999,0,"",3662,100,0,0,Task,2021-05-17T15:34:33.244Z,0053n000007GRwWAAW,3.219.189.86,00T3n00006x9xjcEAA
RestApi,20210517153434.549,SLB:3c6d6c0696bfebd462b73574e3fb01cf,00D300000000FHi,0053n000007GRwW,219,97,/services/data/v20.0/sobjects/task/00T3n00006x9xUgEAI,/0ix6qEpMH6ap7Hi,dc6VGUO/soDuTN1l,S,123731833,DELETE,"",204,9999,0,"",3653,100,0,0,Task,2021-05-17T15:34:34.549Z,0053n000007GRwWAAW,3.219.189.86,00T3n00006x9xUgEAI
RestApi,20210517153436.508,SLB:2851247031a3a793f4093e45ebecc59b,00D300000000FHi,0053n000007GRwW,460,255,/services/data/v20.0/sobjects/task/00T3n00006x9xDqEAI,/0ix6qEpMH6ap7Hi,dc6VGUO/soDuTN1l,S,119529644,DELETE,"",204,9999,0,"",3694,90,0,0,Task,2021-05-17T15:34:36.508Z,0053n000007GRwWAAW,3.219.189.86,00T3n00006x9xDqEAI
RestApi,20210517153440.219,SLB:13739370b58676cd7db68456a8b516ce,00D300000000FHi,0053n000007GRwW,416,193,/services/data/v20.0/sobjects/task/00T3n00006x9xePEAQ,/0ix6qEpMH6ap7Hi,dc6VGUO/soDuTN1l,S,129873624,DELETE,"",204,9999,0,"",3744,120,0,0,Task,2021-05-17T15:34:40.219Z,0053n000007GRwWAAW,3.219.189.86,00T3n00006x9xePEAQ
RestApi,20210517153442.298,SLB:6039bcec730cf7bae9a3f6f8e32266a5,00D300000000FHi,0053n000007GRwW,449,220,/services/data/v20.0/sobjects/task/00T3n00006x9xNAEAY,/0ix6qEpMH6ap7Hi,dc6VGUO/soDuTN1l,S,142593724,DELETE,"",204,9999,0,"",3693,100,0,0,Task,2021-05-17T15:34:42.298Z,0053n000007GRwWAAW,3.219.189.86,00T3n00006x9xNAEAY
RestApi,20210517153443.741,SLB:fb2da9747897c78d25545a153d48e35f,00D300000000FHi,0053n000007GRwW,405,201,/services/data/v20.0/sobjects/task/00T3n00006x9xlJEAQ,/0ix6qEpMH6ap7Hi,dc6VGUO/soDuTN1l,S,132502403,DELETE,"",204,9999,0,"",3712,120,0,0,Task,2021-05-17T15:34:43.741Z,0053n000007GRwWAAW,3.219.189.86,00T3n00006x9xlJEAQ
RestApi,20210517153444.488,SLB:c7d681b27a9360a0dce2ecb3fbd1579f,00D300000000FHi,0053n000007GRwW,266,79,/services/data/v20.0/sobjects/task/00T3n00006x9xgUEAQ,/0ix6qEpMH6ap7Hi,dc6VGUO/soDuTN1l,S,183835803,DELETE,"",204,9999,0,"",3706,90,0,0,Task,2021-05-17T15:34:44.488Z,0053n000007GRwWAAW,3.219.189.86,00T3n00006x9xgUEAQ
RestApi,20210517153445.240,SLB:8f3897dd6d16dcc3fc75e112e581c1d0,00D300000000FHi,0053n000007GRwW,305,103,/services/data/v20.0/sobjects/task/00T3n00006x9xmCEAQ,/0ix6qEpMH6ap7Hi,dc6VGUO/soDuTN1l,S,204104358,DELETE,"",204,9999,0,"",3686,90,0,0,Task,2021-05-17T15:34:45.240Z,0053n000007GRwWAAW,3.219.189.86,00T3n00006x9xmCEAQ
RestApi,20210517153446.828,SLB:8f9a8e325a4525cebd28f7a5bec4248d,00D300000000FHi,0053n000007GRwW,201,82,/services/data/v20.0/sobjects/task/00T3n00006x9wi8EAA,/0ix6qEpMH6ap7Hi,dc6VGUO/soDuTN1l,S,120606944,DELETE,"",204,9999,0,"",3637,80,0,0,Task,2021-05-17T15:34:46.828Z,0053n000007GRwWAAW,3.219.189.86,00T3n00006x9wi8EAA
RestApi,20210517153447.245,SLB:6c58aaf2726edf4ac130e8ec4fa42bdc,00D300000000FHi,0053n000007GRwW,361,186,/services/data/v20.0/sobjects/task/00T3n00006x9xf4EAA,/0ix6qEpMH6ap7Hi,dc6VGUO/soDuTN1l,S,112895702,DELETE,"",204,9999,0,"",3667,100,0,0,Task,2021-05-17T15:34:47.245Z,0053n000007GRwWAAW,3.219.189.86,00T3n00006x9xf4EAA
RestApi,20210517153447.732,SLB:874a92bf932e58a1fb5f652a9c6cd194,00D300000000FHi,0053n000007GRwW,431,211,/services/data/v20.0/sobjects/task/00T3n00006x9x90EAA,/0ix6qEpMH6ap7Hi,dc6VGUO/soDuTN1l,S,164825502,DELETE,"",204,9999,0,"",3690,130,0,0,Task,2021-05-17T15:34:47.732Z,0053n000007GRwWAAW,3.219.189.86,00T3n00006x9x90EAA
RestApi,20210517153448.594,SLB:f7a7725fae1183d903a038e59c531a8b,00D300000000FHi,0053n000007GRwW,464,219,/services/data/v20.0/sobjects/task/00T3n00006x9xhNEAQ,/0ix6qEpMH6ap7Hi,dc6VGUO/soDuTN1l,S,140954706,DELETE,"",204,9999,0,"",3664,110,0,0,Task,2021-05-17T15:34:48.594Z,0053n000007GRwWAAW,3.219.189.86,00T3n00006x9xhNEAQ
RestApi,20210517153449.583,SLB:5757d5e365373b6517b3e2add33fe2d2,00D300000000FHi,0053n000007GRwW,245,111,/services/data/v20.0/sobjects/task/00T3n00006x9xVeEAI,/0ix6qEpMH6ap7Hi,dc6VGUO/soDuTN1l,S,130923467,DELETE,"",204,9999,0,"",3673,110,0,0,Task,2021-05-17T15:34:49.583Z,0053n000007GRwWAAW,3.219.189.86,00T3n00006x9xVeEAI
RestApi,20210517153454.172,SLB:a7e66e64c263938f1379d4183ca4580a,00D300000000FHi,0053n000007GRwW,212,87,/services/data/v20.0/sobjects/task/00T3n00006x9xeDEAQ,/0ix6qEpMH6ap7Hi,dc6VGUO/soDuTN1l,S,125565265,DELETE,"",204,9999,0,"",3771,100,0,0,Task,2021-05-17T15:34:54.172Z,0053n000007GRwWAAW,3.219.189.86,00T3n00006x9xeDEAQ
RestApi,20210517153454.930,SLB:897fb4879f30c4d4212c6988fb617a30,00D300000000FHi,0053n000007GRwW,200,83,/services/data/v20.0/sobjects/task/00T3n00006x9xocEAA,/0ix6qEpMH6ap7Hi,dc6VGUO/soDuTN1l,S,119025886,DELETE,"",204,9999,0,"",3708,100,0,0,Task,2021-05-17T15:34:54.930Z,0053n000007GRwWAAW,3.219.189.86,00T3n00006x9xocEAA
RestApi,20210517153456.277,SLB:90898dfcb2fa2cb4f447d05f8e80a2f3,00D300000000FHi,0053n000007GRwW,214,98,/services/data/v20.0/sobjects/task/00T3n00006x9x8VEAQ,/0ix6qEpMH6ap7Hi,dc6VGUO/soDuTN1l,S,115893665,DELETE,"",204,9999,0,"",3641,90,0,0,Task,2021-05-17T15:34:56.277Z,0053n000007GRwWAAW,3.219.189.86,00T3n00006x9x8VEAQ
RestApi,20210517153458.008,SLB:e5a0b4139f4450c580aa65da37fbbfa8,00D300000000FHi,0053n000007GRwW,361,184,/services/data/v20.0/sobjects/task/00T3n00006x9wH9EAI,/0ix6qEpMH6ap7Hi,dc6VGUO/soDuTN1l,S,118137996,DELETE,"",204,9999,0,"",3731,100,0,0,Task,2021-05-17T15:34:58.008Z,0053n000007GRwWAAW,3.219.189.86,00T3n00006x9wH9EAI
RestApi,20210517153458.514,SLB:4a34c501e413378ea8f16badefdf3c08,00D300000000FHi,0053n000007GRwW,432,201,/services/data/v20.0/sobjects/task/00T3n00006xWXCNEA4,/0ix6qEpMH6ap7Hi,dc6VGUO/soDuTN1l,S,164468433,DELETE,"",204,9999,0,"",3647,120,0,0,Task,2021-05-17T15:34:58.514Z,0053n000007GRwWAAW,3.219.189.86,00T3n00006xWXCNEA4
RestApi,20210517153551.940,SLB:7a5e0733fd8f97b2f9e3fb939f139520,00D300000000FHi,0053n000007GRwW,568,185,/services/data/v20.0/sobjects/task/00T3n00006wheVTEAY,/0ix6qEpMH6ap7Hi,dc6VGUO/soDuTN1l,S,332549732,DELETE,"",204,9999,0,"",3844,140,0,0,Task,2021-05-17T15:35:51.940Z,0053n000007GRwWAAW,3.219.189.86,00T3n00006wheVTEAY
RestApi,20210517153552.812,SLB:548e742ba98a13bb1d8d827948d836a2,00D300000000FHi,0053n000007GRwW,271,127,/services/data/v20.0/sobjects/task/00T3n00006wheNjEAI,/0ix6qEpMH6ap7Hi,dc6VGUO/soDuTN1l,S,145420321,DELETE,"",204,9999,0,"",3853,100,0,0,Task,2021-05-17T15:35:52.812Z,0053n000007GRwWAAW,3.219.189.86,00T3n00006wheNjEAI
RestApi,20210517153557.391,SLB:eac7d72c65ec1ab1fdbab6cfe1673f6b,00D300000000FHi,0053n000007GRwW,236,103,/services/data/v20.0/sobjects/task/00T3n00006wheXeEAI,/0ix6qEpMH6ap7Hi,dc6VGUO/soDuTN1l,S,129444460,DELETE,"",204,9999,0,"",3844,100,0,0,Task,2021-05-17T15:35:57.391Z,0053n000007GRwWAAW,3.219.189.86,00T3n00006wheXeEAI
RestApi,20210517153558.356,SLB:a18acb3f76569eb45fc0ed4740b224ff,00D300000000FHi,0053n000007GRwW,510,281,/services/data/v20.0/sobjects/task/00T3n00006wheKcEAI,/0ix6qEpMH6ap7Hi,dc6VGUO/soDuTN1l,S,131148776,DELETE,"",204,9999,0,"",3884,100,0,0,Task,2021-05-17T15:35:58.356Z,0053n000007GRwWAAW,3.219.189.86,00T3n00006wheKcEAI
RestApi,20210517153601.286,SLB:ac68f9597f4fd9524029083d0d74d266,00D300000000FHi,0053n000007GRwW,516,208,/services/data/v20.0/sobjects/task/00T3n00006wheRHEAY,/0ix6qEpMH6ap7Hi,dc6VGUO/soDuTN1l,S,158868827,DELETE,"",204,9999,0,"",3825,130,0,0,Task,2021-05-17T15:36:01.286Z,0053n000007GRwWAAW,3.219.189.86,00T3n00006wheRHEAY
RestApi,20210517153602.137,SLB:7f6bfec15a9bb5d16bcb31944e78a2df,00D300000000FHi,0053n000007GRwW,509,225,/services/data/v20.0/sobjects/task/00T3n00006whdwtEAA,/0ix6qEpMH6ap7Hi,dc6VGUO/soDuTN1l,S,178737589,DELETE,"",204,9999,0,"",3855,130,0,0,Task,2021-05-17T15:36:02.137Z,0053n000007GRwWAAW,3.219.189.86,00T3n00006whdwtEAA
RestApi,20210517153602.957,SLB:27c3971df15826a0d589ba82a3beca27,00D300000000FHi,0053n000007GRwW,248,91,/services/data/v20.0/sobjects/task/00T3n00006wheFxEAI,/0ix6qEpMH6ap7Hi,dc6VGUO/soDuTN1l,S,152593565,DELETE,"",204,9999,0,"",3824,140,0,0,Task,2021-05-17T15:36:02.957Z,0053n000007GRwWAAW,3.219.189.86,00T3n00006wheFxEAI
RestApi,20210517153604.264,SLB:cb6b5bd3fb5d83d99cd74977d3494071,00D300000000FHi,0053n000007GRwW,417,197,/services/data/v20.0/sobjects/task/00T3n00006wheW2EAI,/0ix6qEpMH6ap7Hi,dc6VGUO/soDuTN1l,S,141215206,DELETE,"",204,9999,0,"",3848,110,0,0,Task,2021-05-17T15:36:04.264Z,0053n000007GRwWAAW,3.219.189.86,00T3n00006wheW2EAI
RestApi,20210517153605.145,SLB:c05ae9c9c23979251ae7c1678e57a625,00D300000000FHi,0053n000007GRwW,386,161,/services/data/v20.0/sobjects/task/00T3n00006whd5DEAQ,/0ix6qEpMH6ap7Hi,dc6VGUO/soDuTN1l,S,172478436,DELETE,"",204,9999,0,"",3863,140,0,0,Task,2021-05-17T15:36:05.145Z,0053n000007GRwWAAW,3.219.189.86,00T3n00006whd5DEAQ
RestApi,20210517153605.893,SLB:3ef69974c2329073b6557c3351387b8a,00D300000000FHi,0053n000007GRwW,432,218,/services/data/v20.0/sobjects/task/00T3n00006whdnYEAQ,/0ix6qEpMH6ap7Hi,dc6VGUO/soDuTN1l,S,119211258,DELETE,"",204,9999,0,"",3817,90,0,0,Task,2021-05-17T15:36:05.893Z,0053n000007GRwWAAW,3.219.189.86,00T3n00006whdnYEAQ
RestApi,20210517153606.495,SLB:699f1a51ece99181fa030d64ad72dc07,00D300000000FHi,0053n000007GRwW,236,89,/services/data/v20.0/sobjects/task/00T3n00006whecjEAA,/0ix6qEpMH6ap7Hi,dc6VGUO/soDuTN1l,S,145612285,DELETE,"",204,9999,0,"",3821,110,0,0,Task,2021-05-17T15:36:06.495Z,0053n000007GRwWAAW,3.219.189.86,00T3n00006whecjEAA
RestApi,20210517153607.849,SLB:064aff1941fb69be03625916897bd9bc,00D300000000FHi,0053n000007GRwW,393,196,/services/data/v20.0/sobjects/task/00T3n00006whdxXEAQ,/0ix6qEpMH6ap7Hi,dc6VGUO/soDuTN1l,S,129238042,DELETE,"",204,9999,0,"",3888,90,0,0,Task,2021-05-17T15:36:07.849Z,0053n000007GRwWAAW,3.219.189.86,00T3n00006whdxXEAQ
RestApi,20210517153610.658,SLB:ecb3809b1b6224a9dc00c60d05c658a0,00D300000000FHi,0053n000007GRwW,483,241,/services/data/v20.0/sobjects/task/00T3n00006wheK9EAI,/0ix6qEpMH6ap7Hi,dc6VGUO/soDuTN1l,S,142568855,DELETE,"",204,9999,0,"",3843,120,0,0,Task,2021-05-17T15:36:10.658Z,0053n000007GRwWAAW,3.219.189.86,00T3n00006wheK9EAI
RestApi,20210517153611.897,SLB:22bbe0dd4b8e7cd3d553f043af2b205b,00D300000000FHi,0053n000007GRwW,428,201,/services/data/v20.0/sobjects/task/00T3n00006wheTNEAY,/0ix6qEpMH6ap7Hi,dc6VGUO/soDuTN1l,S,144061373,DELETE,"",204,9999,0,"",3824,100,0,0,Task,2021-05-17T15:36:11.897Z,0053n000007GRwWAAW,3.219.189.86,00T3n00006wheTNEAY
RestApi,20210517153613.546,SLB:875ae26a0638f5132489f7c53ce69a1f,00D300000000FHi,0053n000007GRwW,1082,264,/services/data/v20.0/sobjects/task/00T3n00006whfqhEAA,/0ix6qEpMH6ap7Hi,dc6VGUO/soDuTN1l,S,176262227,DELETE,"",204,9999,0,"",3935,130,0,0,Task,2021-05-17T15:36:13.546Z,0053n000007GRwWAAW,3.219.189.86,00T3n00006whfqhEAA
RestApi,20210517153614.005,SLB:b265ec2091ce4166dffd2e00b5464379,00D300000000FHi,0053n000007GRwW,239,78,/services/data/v20.0/sobjects/task/00T3n00006whforEAA,/0ix6qEpMH6ap7Hi,dc6VGUO/soDuTN1l,S,147593148,DELETE,"",204,9999,0,"",3805,130,0,0,Task,2021-05-17T15:36:14.005Z,0053n000007GRwWAAW,3.219.189.86,00T3n00006whforEAA
RestApi,20210517153614.473,SLB:212c151185b7693742ea07431ad383c4,00D300000000FHi,0053n000007GRwW,258,110,/services/data/v20.0/sobjects/task/00T3n00006whao1EAA,/0ix6qEpMH6ap7Hi,dc6VGUO/soDuTN1l,S,146478958,DELETE,"",204,9999,0,"",3815,120,0,0,Task,2021-05-17T15:36:14.473Z,0053n000007GRwWAAW,3.219.189.86,00T3n00006whao1EAA
RestApi,20210517153615.116,SLB:1d04ea343ba982443c810fc37b42bc52,00D300000000FHi,0053n000007GRwW,263,89,/services/data/v20.0/sobjects/task/00T3n00006whckrEAA,/0ix6qEpMH6ap7Hi,dc6VGUO/soDuTN1l,S,174760690,DELETE,"",204,9999,0,"",4031,130,0,0,Task,2021-05-17T15:36:15.116Z,0053n000007GRwWAAW,3.219.189.86,00T3n00006whckrEAA
RestApi,20210517153615.843,SLB:56539480da404bed030d3d1f40b057b5,00D300000000FHi,0053n000007GRwW,375,174,/services/data/v20.0/sobjects/task/00T3n00006whcXfEAI,/0ix6qEpMH6ap7Hi,dc6VGUO/soDuTN1l,S,140423594,DELETE,"",204,9999,0,"",3883,90,0,0,Task,2021-05-17T15:36:15.843Z,0053n000007GRwWAAW,3.219.189.86,00T3n00006whcXfEAI
RestApi,20210517153616.278,SLB:302a3395f4785a39ad3ff0e7a609142a,00D300000000FHi,0053n000007GRwW,238,105,/services/data/v20.0/sobjects/task/00T3n00006whcl1EAA,/0ix6qEpMH6ap7Hi,dc6VGUO/soDuTN1l,S,135532592,DELETE,"",204,9999,0,"",3915,100,0,0,Task,2021-05-17T15:36:16.278Z,0053n000007GRwWAAW,3.219.189.86,00T3n00006whcl1EAA
RestApi,20210517153616.775,SLB:4771abc4bc52a0af3c8d42a5281bfd94,00D300000000FHi,0053n000007GRwW,292,87,/services/data/v20.0/sobjects/task/00T3n00006whcSqEAI,/0ix6qEpMH6ap7Hi,dc6VGUO/soDuTN1l,S,205615877,DELETE,"",204,9999,0,"",5618,150,0,0,Task,2021-05-17T15:36:16.775Z,0053n000007GRwWAAW,3.219.189.86,00T3n00006whcSqEAI
RestApi,20210517153624.333,SLB:5edacad3874885c1b671713e63fdfa82,00D300000000FHi,0053n000007GRwW,283,97,/services/data/v20.0/sobjects/task/00T3n00006whchuEAA,/0ix6qEpMH6ap7Hi,dc6VGUO/soDuTN1l,S,160432127,DELETE,"",204,9999,0,"",3874,100,0,0,Task,2021-05-17T15:36:24.333Z,0053n000007GRwWAAW,3.219.189.86,00T3n00006whchuEAA
RestApi,20210517153625.127,SLB:0c5ddeefdeb9da137c5ae0940298ee9a,00D300000000FHi,0053n000007GRwW,269,121,/services/data/v20.0/sobjects/task/00T3n00006whbtHEAQ,/0ix6qEpMH6ap7Hi,dc6VGUO/soDuTN1l,S,138449070,DELETE,"",204,9999,0,"",3859,120,0,0,Task,2021-05-17T15:36:25.127Z,0053n000007GRwWAAW,3.219.189.86,00T3n00006whbtHEAQ
RestApi,20210517153626.170,SLB:dd21da935ec1ff98d75786f94fb82da7,00D300000000FHi,0053n000007GRwW,248,109,/services/data/v20.0/sobjects/task/00T3n00006whccLEAQ,/0ix6qEpMH6ap7Hi,dc6VGUO/soDuTN1l,S,139673806,DELETE,"",204,9999,0,"",3825,120,0,0,Task,2021-05-17T15:36:26.170Z,0053n000007GRwWAAW,3.219.189.86,00T3n00006whccLEAQ
RestApi,20210517153627.209,SLB:3501fc3aa8cef5a4cf8285ac74b5005a,00D300000000FHi,0053n000007GRwW,239,93,/services/data/v20.0/sobjects/task/00T3n00006whcJcEAI,/0ix6qEpMH6ap7Hi,dc6VGUO/soDuTN1l,S,147560306,DELETE,"",204,9999,0,"",3913,100,0,0,Task,2021-05-17T15:36:27.209Z,0053n000007GRwWAAW,3.219.189.86,00T3n00006whcJcEAI
RestApi,20210517153629.278,SLB:e963e920574ce3cefc72eb75a806888a,00D300000000FHi,0053n000007GRwW,327,171,/services/data/v20.0/sobjects/task/00T3n00006whcTXEAY,/0ix6qEpMH6ap7Hi,dc6VGUO/soDuTN1l,S,120173519,DELETE,"",204,9999,0,"",3823,80,0,0,Task,2021-05-17T15:36:29.278Z,0053n000007GRwWAAW,3.219.189.86,00T3n00006whcTXEAY
RestApi,20210517153633.979,SLB:cabcc3301450520938de980583aa9b5c,00D300000000FHi,0053n000007GRwW,207,83,/services/data/v20.0/sobjects/task/00T3n00006whceWEAQ,/0ix6qEpMH6ap7Hi,dc6VGUO/soDuTN1l,S,125621652,DELETE,"",204,9999,0,"",3845,90,0,0,Task,2021-05-17T15:36:33.979Z,0053n000007GRwWAAW,3.219.189.86,00T3n00006whceWEAQ
RestApi,20210517153636.077,SLB:5436a22a4234b15230ea2b15597b0020,00D300000000FHi,0053n000007GRwW,223,93,/services/data/v20.0/sobjects/task/00T3n00006whcfZEAQ,/0ix6qEpMH6ap7Hi,dc6VGUO/soDuTN1l,S,118651704,DELETE,"",204,9999,0,"",3821,100,0,0,Task,2021-05-17T15:36:36.077Z,0053n000007GRwWAAW,3.219.189.86,00T3n00006whcfZEAQ
RestApi,20210517153637.115,SLB:2bd8084cdab490720e90467473b9a994,00D300000000FHi,0053n000007GRwW,255,104,/services/data/v20.0/sobjects/task/00T3n00006whbb7EAA,/0ix6qEpMH6ap7Hi,dc6VGUO/soDuTN1l,S,135098515,DELETE,"",204,9999,0,"",3852,90,0,0,Task,2021-05-17T15:36:37.115Z,0053n000007GRwWAAW,3.219.189.86,00T3n00006whbb7EAA
RestApi,20210517153638.240,SLB:aa4a745a01f92adb0b23d3d35bddcb84,00D300000000FHi,0053n000007GRwW,282,95,/services/data/v20.0/sobjects/task/00T3n00006whcWhEAI,/0ix6qEpMH6ap7Hi,dc6VGUO/soDuTN1l,S,186303663,DELETE,"",204,9999,0,"",3839,110,0,0,Task,2021-05-17T15:36:38.240Z,0053n000007GRwWAAW,3.219.189.86,00T3n00006whcWhEAI
RestApi,20210517153639.495,SLB:d4466f673a97d744ad71dd14b5c74104,00D300000000FHi,0053n000007GRwW,424,191,/services/data/v20.0/sobjects/task/00T3n00006x5uxtEAA,/0ix6qEpMH6ap7Hi,dc6VGUO/soDuTN1l,S,160389884,DELETE,"",204,9999,0,"",3859,100,0,0,Task,2021-05-17T15:36:39.495Z,0053n000007GRwWAAW,3.219.189.86,00T3n00006x5uxtEAA
RestApi,20210517153640.370,SLB:bd365296391ec43405dd45db1446f4af,00D300000000FHi,0053n000007GRwW,248,95,/services/data/v20.0/sobjects/task/00T3n00006x5yM7EAI,/0ix6qEpMH6ap7Hi,dc6VGUO/soDuTN1l,S,154168512,DELETE,"",204,9999,0,"",3843,100,0,0,Task,2021-05-17T15:36:40.370Z,0053n000007GRwWAAW,3.219.189.86,00T3n00006x5yM7EAI
RestApi,20210517162814.076,SLB:834b766868bbc7500144a46a25cc4328,00D300000000FHi,0053400000ABl1I,125,23,/services/data/v20.0/query/,/H9m06sI62CuP0mM,qYdFjvValO5yYUP7,S,88531073,GET,application/json;charset=UTF-8,200,9999,1,2,733,10,0,234,StaticResource,2021-05-17T16:28:14.076Z,0053400000ABl1IAAT,52.8.244.154,""
RestApi,20210517215336.973,SLB:5ed6e0a582c36679d3a99df93b9ba511,00D300000000FHi,00580000005n8Qr,318,152,/services/data/v20.0/sobjects/task/00T3n00006yBPKkEAO,PK5EfHXCeiUroA7W,y0hSlzc9bHSrvopF,S,111127870,DELETE,"",204,9999,0,"",3972,90,0,0,Task,2021-05-17T21:53:36.973Z,00580000005n8QrAAI,3.217.13.88,00T3n00006yBPKkEAO
RestApi,20210517215338.549,SLB:35d03424994608e8da3efc35a7869037,00D300000000FHi,00580000005n8Qr,224,110,/services/data/v20.0/sobjects/task/00T3n00006yBQ5KEAW,PK5EfHXCeiUroA7W,y0hSlzc9bHSrvopF,S,111182991,DELETE,"",204,9999,0,"",3984,100,0,0,Task,2021-05-17T21:53:38.549Z,00580000005n8QrAAI,3.217.13.88,00T3n00006yBQ5KEAW
RestApi,20210517232747.020,SLB:206a182a94d59cdfd734a2ad2a226554,00D300000000FHi,00580000004ncqd,127,56,/services/data/v20.0/sobjects/task/00T3n00006yBXdiEAG,E6H1gKBKV1KKvCPe,/zaufX3+HP7wL6rN,S,55508531,PATCH,"",204,9999,1,2,924,40,122,0,Task,2021-05-17T23:27:47.020Z,00580000004ncqdAAA,52.6.139.103,00T3n00006yBXdiEAG
